segment_id,center_lat,center_lon,road_type,hour_of_day,day_of_week,is_rush_hour,is_weekend,free_flow_speed_kmh,current_speed_kmh,congestion_ratio,traffic_level,incident_reported,avg_vehicle_count_per_min,timestamp
SEG-10000,39.603558,37.047358,highway,15,0,0,0,97.1,72.4,0.325,moderate,0,59.2,2025-05-01 00:00:00
SEG-10001,39.486323,37.233778,rural,14,5,0,1,73.4,41.8,0.671,high,0,29.2,2025-05-01 01:00:00
SEG-10002,39.677789,37.23443,rural,11,0,0,0,64.9,50.4,0.467,high,0,50.2,2025-05-01 02:00:00
SEG-10003,39.356136,37.411911,highway,4,6,0,1,83.5,84.8,0.096,low,0,24.2,2025-05-01 03:00:00
SEG-10004,39.737752,36.93963,mountain,20,4,0,0,37.9,38.9,0.044,low,0,31.7,2025-05-01 04:00:00
SEG-10005,39.891468,37.341944,mountain,3,2,0,0,43.8,31.4,0.357,moderate,0,49.5,2025-05-01 05:00:00
SEG-10006,39.258514,36.848481,mountain,15,1,0,0,36.5,37.7,0.097,low,0,52.9,2025-05-01 06:00:00
SEG-10007,39.7487,37.475913,urban,21,2,0,0,52.4,45.4,0.155,low,0,55.2,2025-05-01 07:00:00
SEG-10008,39.631559,37.026613,mountain,0,4,0,0,51.8,24.2,0.657,high,0,45.5,2025-05-01 08:00:00
SEG-10009,39.754412,37.271762,rural,0,1,0,0,69.0,45.6,0.582,high,0,44.7,2025-05-01 09:00:00
SEG-10010,39.885322,37.094123,mountain,4,5,0,1,37.1,29.7,0.428,high,0,24.1,2025-05-01 10:00:00
SEG-10011,39.287322,37.149391,urban,21,4,0,0,49.1,41.8,0.275,moderate,0,27.8,2025-05-01 11:00:00
SEG-10012,39.32307,37.099869,rural,11,6,0,1,73.0,60.4,0.229,moderate,0,26.0,2025-05-01 12:00:00
SEG-10013,39.262747,36.811499,mountain,20,2,0,0,46.0,25.9,0.589,high,0,10.7,2025-05-01 13:00:00
SEG-10014,39.34831,37.343816,highway,20,3,0,0,87.7,76.9,0.242,moderate,0,57.3,2025-05-01 14:00:00
SEG-10015,39.555293,36.987326,rural,14,3,0,0,69.2,59.4,0.253,moderate,0,21.9,2025-05-01 15:00:00
SEG-10016,39.563274,37.318872,mountain,21,1,0,0,38.7,39.7,0.011,low,0,28.7,2025-05-01 16:00:00
SEG-10017,39.290209,37.245391,mountain,6,4,0,0,42.8,33.7,0.262,moderate,0,14.6,2025-05-01 17:00:00
SEG-10018,39.642009,37.348997,rural,16,1,1,0,73.9,52.0,0.429,high,0,35.4,2025-05-01 18:00:00
SEG-10019,39.219473,37.295303,rural,6,0,0,0,64.1,66.5,0.083,low,0,9.3,2025-05-01 19:00:00
SEG-10020,39.330589,37.256766,mountain,0,5,0,1,40.6,31.0,0.374,moderate,0,44.9,2025-05-01 20:00:00
SEG-10021,39.383396,36.926439,mountain,8,5,1,1,43.2,29.5,0.438,high,0,51.5,2025-05-01 21:00:00
SEG-10022,39.253419,37.281135,urban,12,0,0,0,46.9,35.7,0.477,high,0,49.5,2025-05-01 22:00:00
SEG-10023,39.442749,37.496441,urban,9,0,1,0,53.1,27.0,0.767,congested,0,5.3,2025-05-01 23:00:00
SEG-10024,39.351415,37.055423,rural,3,1,0,0,71.0,56.0,0.334,moderate,0,9.6,2025-05-02 00:00:00
SEG-10025,39.406025,37.321636,urban,8,2,1,0,49.3,32.9,0.571,high,0,33.2,2025-05-02 01:00:00
SEG-10026,39.736514,37.01811,mountain,6,2,0,0,43.4,36.2,0.158,low,0,53.6,2025-05-02 02:00:00
SEG-10027,39.339805,37.047041,mountain,19,5,1,1,28.1,26.5,0.564,high,0,50.1,2025-05-02 03:00:00
SEG-10028,39.571349,37.078815,mountain,5,0,0,0,46.8,36.5,0.144,low,0,15.2,2025-05-02 04:00:00
SEG-10029,39.430209,37.125764,urban,2,1,0,0,56.0,37.1,0.429,high,0,54.4,2025-05-02 05:00:00
SEG-10030,39.625533,37.418352,highway,12,2,0,0,91.3,62.4,0.511,high,0,28.2,2025-05-02 06:00:00
SEG-10031,39.893182,37.094866,mountain,10,6,0,1,38.5,36.6,0.14,low,0,14.4,2025-05-02 07:00:00
SEG-10032,39.52324,36.891741,rural,18,3,1,0,71.3,58.1,0.284,moderate,0,34.0,2025-05-02 08:00:00
SEG-10033,39.392271,37.327585,rural,20,0,0,0,69.7,67.8,0.053,low,0,35.6,2025-05-02 09:00:00
SEG-10034,39.790153,37.456393,rural,15,4,0,0,72.8,67.7,0.055,low,0,12.6,2025-05-02 10:00:00
SEG-10035,39.458216,37.432016,rural,22,5,0,1,72.1,55.0,0.358,moderate,0,56.4,2025-05-02 11:00:00
SEG-10036,39.46569,37.289065,highway,8,6,1,1,95.9,67.9,0.41,high,0,22.6,2025-05-02 12:00:00
SEG-10037,39.662888,37.483445,urban,18,6,1,1,47.0,34.9,0.504,high,0,45.2,2025-05-02 13:00:00
SEG-10038,39.369663,37.252994,urban,2,2,0,0,54.8,35.2,0.493,high,0,32.2,2025-05-02 14:00:00
SEG-10039,39.346063,37.213366,urban,0,5,0,1,43.9,42.9,0.236,moderate,0,52.2,2025-05-02 15:00:00
SEG-10040,39.841688,37.069903,rural,22,3,0,0,63.3,47.2,0.542,high,0,27.0,2025-05-02 16:00:00
SEG-10041,39.303103,37.413337,highway,8,3,1,0,92.0,72.3,0.327,moderate,0,18.2,2025-05-02 17:00:00
SEG-10042,39.848849,36.858847,mountain,5,2,0,0,37.4,38.7,0.053,low,0,32.9,2025-05-02 18:00:00
SEG-10043,39.335752,36.932615,highway,14,2,0,0,91.2,76.2,0.256,moderate,0,20.2,2025-05-02 19:00:00
SEG-10044,39.602661,36.967137,mountain,16,3,1,0,36.1,26.9,0.544,high,0,43.5,2025-05-02 20:00:00
SEG-10045,39.443343,37.001595,mountain,12,3,0,0,39.2,36.4,0.151,low,0,45.4,2025-05-02 21:00:00
SEG-10046,39.67701,36.916652,highway,5,4,0,0,87.3,70.6,0.359,moderate,0,41.6,2025-05-02 22:00:00
SEG-10047,39.797163,37.215804,mountain,10,0,0,0,44.8,33.4,0.274,moderate,0,37.1,2025-05-02 23:00:00
SEG-10048,39.784751,37.167688,mountain,7,3,1,0,41.4,31.6,0.348,moderate,0,21.8,2025-05-03 00:00:00
SEG-10049,39.455003,36.809493,rural,14,3,0,0,72.4,48.7,0.506,high,0,44.1,2025-05-03 01:00:00
SEG-10050,39.799386,37.261557,mountain,3,2,0,0,43.7,23.3,0.694,high,0,45.8,2025-05-03 02:00:00
SEG-10051,39.514489,37.470814,mountain,11,1,0,0,44.6,31.2,0.366,moderate,0,19.6,2025-05-03 03:00:00
SEG-10052,39.605662,37.291285,rural,10,3,0,0,71.3,53.0,0.404,high,0,36.2,2025-05-03 04:00:00
SEG-10053,39.636657,37.265024,rural,9,0,1,0,67.8,37.3,0.778,congested,0,20.9,2025-05-03 05:00:00
SEG-10054,39.414075,37.101226,rural,0,3,0,0,69.9,67.7,0.054,low,0,24.3,2025-05-03 06:00:00
SEG-10055,39.403561,36.822496,rural,16,5,1,1,69.8,53.8,0.385,moderate,0,18.7,2025-05-03 07:00:00
SEG-10056,39.675246,37.025736,mountain,13,3,0,0,33.3,34.6,0.223,moderate,0,12.5,2025-05-03 08:00:00
SEG-10057,39.463176,37.413145,urban,9,2,1,0,46.4,40.1,0.329,moderate,0,12.6,2025-05-03 09:00:00
SEG-10058,39.526587,37.473013,mountain,22,2,0,0,29.3,32.1,0.329,moderate,1,47.2,2025-05-03 10:00:00
SEG-10059,39.814464,36.837475,highway,4,4,0,0,92.7,74.3,0.29,moderate,0,11.9,2025-05-03 11:00:00
SEG-10060,39.274934,37.216038,highway,14,6,0,1,92.8,61.8,0.522,high,0,52.5,2025-05-03 12:00:00
SEG-10061,39.300906,37.318297,highway,23,4,0,0,84.2,56.8,0.614,high,0,17.3,2025-05-03 13:00:00
SEG-10062,39.200025,37.222653,urban,9,5,1,1,51.6,37.6,0.413,high,0,31.1,2025-05-03 14:00:00
SEG-10063,39.38219,37.228932,mountain,12,0,0,0,41.6,31.3,0.363,moderate,0,41.2,2025-05-03 15:00:00
SEG-10064,39.319543,37.319165,highway,13,1,0,0,84.6,76.4,0.251,moderate,0,41.7,2025-05-03 16:00:00
SEG-10065,39.769446,36.903717,mountain,11,5,0,1,38.4,37.0,0.126,low,0,11.6,2025-05-03 17:00:00
SEG-10066,39.229842,37.434941,mountain,0,4,0,0,45.5,37.4,0.109,low,0,20.2,2025-05-03 18:00:00
SEG-10067,39.659143,37.046307,urban,11,4,0,0,48.7,42.7,0.244,moderate,0,23.7,2025-05-03 19:00:00
SEG-10068,39.651594,37.063566,urban,8,6,1,1,42.8,28.2,0.725,congested,0,56.0,2025-05-03 20:00:00
SEG-10069,39.482642,36.83145,rural,4,5,0,1,71.3,59.8,0.244,moderate,0,13.8,2025-05-03 21:00:00
SEG-10070,39.74022,37.442088,highway,21,0,0,0,90.7,71.7,0.338,moderate,0,45.0,2025-05-03 22:00:00
SEG-10071,39.50907,37.062025,mountain,13,0,0,0,37.7,35.3,0.197,low,0,6.6,2025-05-03 23:00:00
SEG-10072,39.50626,37.000263,urban,10,0,0,0,50.9,34.8,0.508,high,0,49.5,2025-05-04 00:00:00
SEG-10073,39.805144,37.038498,urban,2,4,0,0,52.8,49.1,0.03,low,0,57.7,2025-05-04 01:00:00
SEG-10074,39.829829,37.397395,mountain,6,6,0,1,41.7,36.3,0.156,low,0,53.1,2025-05-04 02:00:00
SEG-10075,39.578377,36.81578,highway,4,6,0,1,84.9,74.1,0.294,moderate,0,20.9,2025-05-04 03:00:00
SEG-10076,39.574097,36.968979,rural,12,5,0,1,63.2,56.0,0.333,moderate,0,39.0,2025-05-04 04:00:00
SEG-10077,39.494984,36.940358,highway,18,3,1,0,89.2,43.8,0.856,congested,0,8.3,2025-05-04 05:00:00
SEG-10078,39.364932,36.851038,urban,17,6,1,1,60.3,31.6,0.614,high,0,47.1,2025-05-04 06:00:00
SEG-10079,39.389356,36.829219,highway,11,0,0,0,86.5,72.3,0.327,moderate,1,32.9,2025-05-04 07:00:00
SEG-10080,39.767954,37.17393,rural,13,3,0,0,74.8,53.7,0.389,moderate,0,35.4,2025-05-04 08:00:00
SEG-10081,39.280908,36.882595,highway,12,6,0,1,84.2,80.1,0.184,low,0,54.7,2025-05-04 09:00:00
SEG-10082,39.358988,37.323233,rural,6,2,0,0,76.8,55.7,0.34,moderate,0,59.5,2025-05-04 10:00:00
SEG-10083,39.658646,36.970971,highway,23,1,0,0,84.3,75.5,0.268,moderate,0,38.3,2025-05-04 11:00:00
SEG-10084,39.828348,37.401132,mountain,21,0,0,0,36.0,32.7,0.303,moderate,0,35.3,2025-05-04 12:00:00
SEG-10085,39.487584,37.465394,urban,16,2,1,0,51.5,32.1,0.596,high,0,9.3,2025-05-04 13:00:00
SEG-10086,39.751558,36.825107,urban,16,1,1,0,50.5,32.8,0.574,high,0,57.4,2025-05-04 14:00:00
SEG-10087,39.259145,36.995365,highway,15,6,0,1,95.4,86.6,0.063,low,0,32.2,2025-05-04 15:00:00
SEG-10088,39.236582,37.013604,mountain,12,3,0,0,35.5,37.6,0.1,low,1,38.5,2025-05-04 16:00:00
SEG-10089,39.635071,37.40602,rural,8,6,1,1,68.8,29.5,0.965,congested,0,56.1,2025-05-04 17:00:00
SEG-10090,39.856583,37.124452,highway,3,4,0,0,84.2,79.5,0.194,low,0,13.9,2025-05-04 18:00:00
SEG-10091,39.227024,36.991989,mountain,14,5,0,1,37.1,29.1,0.454,high,0,18.8,2025-05-04 19:00:00
SEG-10092,39.523907,37.107936,highway,3,2,0,0,77.3,68.6,0.397,moderate,0,51.4,2025-05-04 20:00:00
SEG-10093,39.867305,37.108308,urban,13,0,0,0,52.7,44.3,0.19,low,0,48.3,2025-05-04 21:00:00
SEG-10094,39.362871,37.258221,rural,15,1,0,0,72.4,66.0,0.095,low,0,22.5,2025-05-04 22:00:00
SEG-10095,39.231313,36.964288,urban,1,5,0,1,55.4,49.4,0.02,low,0,32.9,2025-05-04 23:00:00
SEG-10096,39.491179,37.249321,highway,16,0,1,0,92.0,66.0,0.445,high,0,48.3,2025-05-05 00:00:00
SEG-10097,39.457811,37.003611,rural,13,5,0,1,68.0,58.0,0.285,moderate,0,37.5,2025-05-05 01:00:00
SEG-10098,39.607041,37.040837,highway,19,1,1,0,92.1,56.2,0.625,high,1,44.9,2025-05-05 02:00:00
SEG-10099,39.758744,37.224971,mountain,20,0,0,0,49.2,26.0,0.582,high,0,33.6,2025-05-05 03:00:00
SEG-10100,39.519075,37.323732,rural,8,1,1,0,72.8,54.3,0.373,moderate,0,53.4,2025-05-05 04:00:00
SEG-10101,39.361245,37.350413,rural,2,2,0,0,72.5,55.0,0.357,moderate,0,50.5,2025-05-05 05:00:00
SEG-10102,39.382195,37.00082,urban,17,1,1,0,49.2,29.8,0.673,high,0,59.1,2025-05-05 06:00:00
SEG-10103,39.493038,37.335857,mountain,20,6,0,1,41.9,36.2,0.159,low,0,30.8,2025-05-05 07:00:00
SEG-10104,39.292664,37.406816,highway,4,6,0,1,99.4,87.7,0.043,low,0,27.1,2025-05-05 08:00:00
SEG-10105,39.631641,37.495894,urban,22,2,0,0,44.7,48.3,0.057,low,1,45.6,2025-05-05 09:00:00
SEG-10106,39.69008,37.31341,rural,14,3,0,0,68.9,54.3,0.373,moderate,0,33.0,2025-05-05 10:00:00
SEG-10107,39.323706,37.305773,urban,0,4,0,0,43.4,39.6,0.346,moderate,0,47.5,2025-05-05 11:00:00
SEG-10108,39.790846,37.098683,urban,9,3,1,0,48.1,39.0,0.367,moderate,0,12.9,2025-05-05 12:00:00
SEG-10109,39.315915,37.00149,urban,13,4,0,0,53.9,43.1,0.23,moderate,0,17.3,2025-05-05 13:00:00
SEG-10110,39.219145,37.431779,urban,9,2,1,0,56.0,40.2,0.325,moderate,0,5.4,2025-05-05 14:00:00
SEG-10111,39.288325,37.117695,highway,11,1,0,0,88.4,78.9,0.205,moderate,0,44.4,2025-05-05 15:00:00
SEG-10112,39.668101,37.477908,highway,14,3,0,0,92.7,67.3,0.421,high,0,9.1,2025-05-05 16:00:00
SEG-10113,39.694767,37.020367,urban,16,2,1,0,42.2,37.0,0.434,high,0,28.8,2025-05-05 17:00:00
SEG-10114,39.6391,36.97214,rural,6,6,0,1,61.3,58.3,0.278,moderate,0,15.8,2025-05-05 18:00:00
SEG-10115,39.813105,37.465583,mountain,4,3,0,0,34.8,26.5,0.561,high,0,46.2,2025-05-05 19:00:00
SEG-10116,39.641718,36.964301,highway,13,0,0,0,86.4,77.5,0.231,moderate,0,53.3,2025-05-05 20:00:00
SEG-10117,39.536671,36.867573,urban,9,5,1,1,55.0,33.2,0.559,high,0,53.4,2025-05-05 21:00:00
SEG-10118,39.423234,36.879475,rural,13,3,0,0,67.4,55.7,0.341,moderate,0,31.6,2025-05-05 22:00:00
SEG-10119,39.59358,37.026234,mountain,19,3,1,0,32.6,31.3,0.361,moderate,0,27.6,2025-05-05 23:00:00
SEG-10120,39.645386,36.83194,mountain,13,3,0,0,36.7,35.6,0.183,low,0,34.5,2025-05-06 00:00:00
SEG-10121,39.761689,36.863177,highway,19,4,1,0,91.1,49.9,0.743,congested,0,55.2,2025-05-06 01:00:00
SEG-10122,39.574989,37.401806,highway,20,0,0,0,91.2,68.5,0.399,moderate,0,23.2,2025-05-06 02:00:00
SEG-10123,39.75394,36.8296,urban,17,5,1,1,58.9,27.3,0.757,congested,0,6.3,2025-05-06 03:00:00
SEG-10124,39.772807,37.413635,urban,1,2,0,0,51.3,35.9,0.471,high,0,43.7,2025-05-06 04:00:00
SEG-10125,39.78203,37.401512,mountain,0,0,0,0,38.5,30.5,0.396,moderate,0,28.4,2025-05-06 05:00:00
SEG-10126,39.355577,37.084432,highway,9,2,1,0,89.3,60.2,0.551,high,0,32.9,2025-05-06 06:00:00
SEG-10127,39.516589,37.204516,mountain,0,3,0,0,44.0,32.2,0.323,moderate,1,47.4,2025-05-06 07:00:00
SEG-10128,39.883072,36.866772,mountain,11,3,0,0,44.9,31.1,0.369,moderate,0,18.7,2025-05-06 08:00:00
SEG-10129,39.241253,37.145392,urban,12,4,0,0,58.7,38.8,0.373,moderate,0,45.7,2025-05-06 09:00:00
SEG-10130,39.542109,37.149871,urban,1,2,0,0,53.5,35.1,0.497,high,0,31.6,2025-05-06 10:00:00
SEG-10131,39.723704,36.916338,highway,3,3,0,0,89.1,73.4,0.308,moderate,0,58.5,2025-05-06 11:00:00
SEG-10132,39.58296,37.079584,highway,13,3,0,0,88.5,82.4,0.14,low,0,55.7,2025-05-06 12:00:00
SEG-10133,39.566276,36.943123,rural,16,2,1,0,75.1,46.9,0.549,high,0,44.3,2025-05-06 13:00:00
SEG-10134,39.849489,36.914967,rural,15,3,0,0,68.8,65.2,0.115,low,0,14.9,2025-05-06 14:00:00
SEG-10135,39.431725,36.842775,mountain,2,0,0,0,34.5,36.1,0.162,low,0,13.6,2025-05-06 15:00:00
SEG-10136,39.498316,37.310526,rural,20,4,0,0,64.3,68.1,0.045,low,0,35.9,2025-05-06 16:00:00
SEG-10137,39.271625,37.357819,urban,2,4,0,0,56.3,44.9,0.169,low,0,47.1,2025-05-06 17:00:00
SEG-10138,39.346515,36.80187,rural,18,6,1,1,70.4,39.1,0.736,congested,0,38.8,2025-05-06 18:00:00
SEG-10139,39.550263,36.882108,urban,5,3,0,0,53.5,42.6,0.246,moderate,0,25.8,2025-05-06 19:00:00
SEG-10140,39.623767,36.94973,mountain,22,3,0,0,43.6,33.6,0.268,moderate,0,12.9,2025-05-06 20:00:00
SEG-10141,39.504789,37.043726,mountain,17,3,1,0,46.1,28.4,0.482,high,1,25.1,2025-05-06 21:00:00
SEG-10142,39.857585,37.06772,mountain,21,2,0,0,43.6,30.5,0.395,moderate,1,29.3,2025-05-06 22:00:00
SEG-10143,39.845095,37.224742,urban,0,4,0,0,57.5,43.0,0.232,moderate,1,20.1,2025-05-06 23:00:00
SEG-10144,39.702621,37.129567,mountain,12,0,0,0,35.7,35.9,0.171,low,0,46.2,2025-05-07 00:00:00
SEG-10145,39.809639,36.892154,highway,1,2,0,0,86.6,85.4,0.085,low,0,51.5,2025-05-07 01:00:00
SEG-10146,39.716218,37.032865,highway,14,5,0,1,85.0,75.3,0.272,moderate,0,14.3,2025-05-07 02:00:00
SEG-10147,39.551068,37.31027,rural,16,0,1,0,60.5,29.5,0.965,congested,0,29.4,2025-05-07 03:00:00
SEG-10148,39.858763,37.017815,rural,19,1,1,0,67.7,45.0,0.595,high,0,51.0,2025-05-07 04:00:00
SEG-10149,39.422251,37.238637,highway,18,3,1,0,89.1,68.6,0.396,moderate,1,14.3,2025-05-07 05:00:00
SEG-10150,39.786116,37.249622,highway,6,5,0,1,92.7,80.4,0.177,low,0,12.3,2025-05-07 06:00:00
SEG-10151,39.784693,36.99096,highway,12,5,0,1,88.1,80.4,0.178,low,0,58.9,2025-05-07 07:00:00
SEG-10152,39.649278,37.114771,rural,22,3,0,0,63.6,63.0,0.166,low,1,50.9,2025-05-07 08:00:00
SEG-10153,39.677412,37.002082,mountain,4,4,0,0,33.1,31.9,0.339,moderate,0,58.3,2025-05-07 09:00:00
SEG-10154,39.280709,37.260833,rural,2,4,0,0,71.1,50.7,0.459,high,0,25.5,2025-05-07 10:00:00
SEG-10155,39.832086,36.930978,mountain,21,4,0,0,42.5,37.4,0.107,low,0,14.0,2025-05-07 11:00:00
SEG-10156,39.479533,37.383867,urban,0,3,0,0,49.9,36.4,0.454,high,0,42.3,2025-05-07 12:00:00
SEG-10157,39.741851,37.467787,rural,1,1,0,0,74.8,51.6,0.438,high,0,6.6,2025-05-07 13:00:00
SEG-10158,39.433203,37.471939,urban,9,4,1,0,54.2,39.2,0.36,moderate,0,49.1,2025-05-07 14:00:00
SEG-10159,39.415269,36.929216,mountain,12,1,0,0,39.2,31.2,0.367,moderate,0,29.0,2025-05-07 15:00:00
SEG-10160,39.475833,36.948744,urban,4,5,0,1,45.2,35.4,0.486,high,0,18.4,2025-05-07 16:00:00
SEG-10161,39.398236,37.272325,highway,12,1,0,0,90.8,77.7,0.228,moderate,0,37.8,2025-05-07 17:00:00
SEG-10162,39.324712,36.96461,highway,11,3,0,0,86.2,54.0,0.666,high,1,38.0,2025-05-07 18:00:00
SEG-10163,39.264995,37.068847,mountain,2,5,0,1,44.5,31.4,0.357,moderate,0,13.3,2025-05-07 19:00:00
SEG-10164,39.257848,37.280246,rural,12,5,0,1,78.0,66.5,0.083,low,0,5.7,2025-05-07 20:00:00
SEG-10165,39.669136,37.09572,rural,4,4,0,0,75.9,43.1,0.641,high,0,28.4,2025-05-07 21:00:00
SEG-10166,39.434544,37.174517,highway,19,6,1,1,84.2,48.6,0.767,congested,0,34.2,2025-05-07 22:00:00
SEG-10167,39.70934,37.118493,mountain,21,0,0,0,46.6,35.4,0.19,low,1,20.5,2025-05-07 23:00:00
SEG-10168,39.436223,37.007301,highway,15,3,0,0,92.6,80.1,0.184,low,0,24.6,2025-05-08 00:00:00
SEG-10169,39.571888,37.07735,highway,14,2,0,0,84.3,72.3,0.327,moderate,0,34.4,2025-05-08 01:00:00
SEG-10170,39.682294,36.97087,urban,23,1,0,0,54.3,37.1,0.431,high,0,33.8,2025-05-08 02:00:00
SEG-10171,39.768734,36.870786,mountain,1,0,0,0,31.6,35.6,0.185,low,0,44.9,2025-05-08 03:00:00
SEG-10172,39.705116,37.319879,rural,20,5,0,1,79.7,57.9,0.288,moderate,0,48.7,2025-05-08 04:00:00
SEG-10173,39.461965,37.131043,rural,9,4,1,0,75.3,43.7,0.626,high,0,29.0,2025-05-08 05:00:00
SEG-10174,39.390876,37.085028,urban,8,4,1,0,55.1,35.9,0.469,high,0,19.7,2025-05-08 06:00:00
SEG-10175,39.709715,37.226521,rural,3,1,0,0,70.6,60.3,0.23,moderate,0,28.1,2025-05-08 07:00:00
SEG-10176,39.77584,36.906245,rural,17,3,1,0,73.6,46.1,0.57,high,0,14.4,2025-05-08 08:00:00
SEG-10177,39.345286,37.489408,mountain,8,3,1,0,35.3,32.8,0.299,moderate,0,21.1,2025-05-08 09:00:00
SEG-10178,39.595425,37.090775,rural,14,5,0,1,70.8,59.5,0.249,moderate,0,45.9,2025-05-08 10:00:00
SEG-10179,39.599522,36.925036,urban,12,4,0,0,41.7,44.9,0.171,low,0,47.8,2025-05-08 11:00:00
SEG-10180,39.664964,37.280791,mountain,17,3,1,0,35.2,30.2,0.408,high,0,34.3,2025-05-08 12:00:00
SEG-10181,39.202336,37.380906,urban,12,3,0,0,44.7,41.4,0.288,moderate,0,41.1,2025-05-08 13:00:00
SEG-10182,39.633213,36.897,highway,12,4,0,0,76.5,68.7,0.394,moderate,0,45.3,2025-05-08 14:00:00
SEG-10183,39.459207,37.320076,highway,10,4,0,0,77.4,80.3,0.18,low,0,41.0,2025-05-08 15:00:00
SEG-10184,39.84497,37.025907,urban,5,3,0,0,47.2,40.1,0.33,moderate,0,30.4,2025-05-08 16:00:00
SEG-10185,39.648965,37.362581,urban,21,4,0,0,60.2,38.9,0.369,moderate,0,53.0,2025-05-08 17:00:00
SEG-10186,39.529146,37.069721,urban,7,3,1,0,52.6,28.7,0.71,congested,0,34.6,2025-05-08 18:00:00
SEG-10187,39.640488,37.108032,highway,14,3,0,0,77.7,62.1,0.516,high,0,10.7,2025-05-08 19:00:00
SEG-10188,39.299365,36.970148,rural,18,6,1,1,66.1,38.1,0.759,congested,0,43.2,2025-05-08 20:00:00
SEG-10189,39.431463,37.115263,mountain,22,3,0,0,40.4,28.3,0.486,high,0,20.1,2025-05-08 21:00:00
SEG-10190,39.699662,37.014664,highway,4,1,0,0,88.6,80.4,0.178,low,0,44.2,2025-05-08 22:00:00
SEG-10191,39.795643,37.208261,rural,4,5,0,1,63.7,52.2,0.423,high,0,5.7,2025-05-08 23:00:00
SEG-10192,39.319287,37.040949,rural,23,4,0,0,75.5,50.8,0.458,high,0,25.6,2025-05-09 00:00:00
SEG-10193,39.357378,36.9445,mountain,20,1,0,0,48.1,34.4,0.234,moderate,0,38.5,2025-05-09 01:00:00
SEG-10194,39.787984,37.392022,highway,20,1,0,0,91.3,83.8,0.115,low,0,16.1,2025-05-09 02:00:00
SEG-10195,39.574328,37.318881,highway,12,5,0,1,84.0,78.6,0.212,moderate,0,58.4,2025-05-09 03:00:00
SEG-10196,39.855433,37.400266,highway,14,4,0,0,91.1,78.6,0.211,moderate,0,58.9,2025-05-09 04:00:00
SEG-10197,39.609974,37.206889,rural,17,2,1,0,77.9,50.7,0.459,high,0,34.5,2025-05-09 05:00:00
SEG-10198,39.338177,37.179658,highway,10,6,0,1,91.3,62.0,0.519,high,0,37.0,2025-05-09 06:00:00
SEG-10199,39.544824,36.923572,highway,23,3,0,0,95.6,69.2,0.385,moderate,0,33.3,2025-05-09 07:00:00
SEG-10200,39.638145,36.878029,rural,8,6,1,1,70.1,48.9,0.502,high,1,54.1,2025-05-09 08:00:00
SEG-10201,39.803421,37.039702,mountain,15,1,0,0,36.8,37.2,0.115,low,0,50.2,2025-05-09 09:00:00
SEG-10202,39.530313,37.279322,urban,3,6,0,1,53.1,43.8,0.208,moderate,0,22.8,2025-05-09 10:00:00
SEG-10203,39.561526,37.131643,urban,12,6,0,1,48.5,46.6,0.114,low,0,27.9,2025-05-09 11:00:00
SEG-10204,39.433606,37.047754,rural,7,2,1,0,69.8,45.6,0.581,high,0,26.6,2025-05-09 12:00:00
SEG-10205,39.391945,37.372973,mountain,0,6,0,1,34.5,31.1,0.372,moderate,0,41.4,2025-05-09 13:00:00
SEG-10206,39.591981,36.939617,rural,9,6,1,1,71.3,52.8,0.41,high,0,10.9,2025-05-09 14:00:00
SEG-10207,39.862696,37.34686,urban,5,2,0,0,55.8,38.6,0.38,moderate,0,57.8,2025-05-09 15:00:00
SEG-10208,39.530289,37.416595,mountain,7,2,1,0,52.3,28.5,0.48,high,0,50.3,2025-05-09 16:00:00
SEG-10209,39.58261,37.262484,urban,18,2,1,0,56.2,32.3,0.59,high,0,50.0,2025-05-09 17:00:00
SEG-10210,39.87004,37.052861,highway,4,6,0,1,91.2,69.6,0.377,moderate,0,22.7,2025-05-09 18:00:00
SEG-10211,39.723355,36.816197,urban,14,2,0,0,41.8,45.0,0.167,low,0,27.6,2025-05-09 19:00:00
SEG-10212,39.222459,37.152948,mountain,15,6,0,1,42.6,34.7,0.219,moderate,0,36.6,2025-05-09 20:00:00
SEG-10213,39.759014,37.39241,highway,23,0,0,0,81.6,77.4,0.234,moderate,0,55.7,2025-05-09 21:00:00
SEG-10214,39.896045,36.906544,urban,2,6,0,1,48.5,38.2,0.395,moderate,0,30.0,2025-05-09 22:00:00
SEG-10215,39.672177,37.028633,mountain,0,3,0,0,42.8,34.8,0.218,moderate,0,41.6,2025-05-09 23:00:00
SEG-10216,39.270628,37.173395,rural,22,6,0,1,71.3,50.6,0.461,high,0,24.2,2025-05-10 00:00:00
SEG-10217,39.496999,36.989755,highway,10,6,0,1,89.5,74.6,0.285,moderate,0,16.9,2025-05-10 01:00:00
SEG-10218,39.217797,37.407273,rural,0,1,0,0,72.1,40.3,0.706,congested,1,29.1,2025-05-10 02:00:00
SEG-10219,39.839298,37.307163,urban,6,6,0,1,47.3,38.2,0.392,moderate,0,46.6,2025-05-10 03:00:00
SEG-10220,39.889606,37.359854,highway,15,5,0,1,87.6,68.5,0.398,moderate,0,30.1,2025-05-10 04:00:00
SEG-10221,39.416987,36.845714,highway,12,6,0,1,93.0,68.0,0.408,high,0,40.9,2025-05-10 05:00:00
SEG-10222,39.298154,37.128869,urban,22,0,0,0,56.5,28.1,0.731,congested,0,45.7,2025-05-10 06:00:00
SEG-10223,39.87571,37.319377,rural,11,4,0,0,71.6,55.0,0.356,moderate,0,15.0,2025-05-10 07:00:00
SEG-10224,39.385627,37.024751,highway,5,0,0,0,90.9,76.4,0.251,moderate,0,6.9,2025-05-10 08:00:00
SEG-10225,39.270081,37.044066,urban,13,0,0,0,45.6,42.7,0.242,moderate,0,28.1,2025-05-10 09:00:00
SEG-10226,39.200505,37.13337,highway,3,3,0,0,93.1,80.9,0.169,low,0,34.7,2025-05-10 10:00:00
SEG-10227,39.290865,37.459602,highway,15,3,0,0,87.7,60.5,0.546,high,0,9.5,2025-05-10 11:00:00
SEG-10228,39.711021,37.010776,highway,22,3,0,0,88.6,76.4,0.252,moderate,0,33.4,2025-05-10 12:00:00
SEG-10229,39.223958,37.43421,rural,4,2,0,0,64.6,60.3,0.231,moderate,0,7.6,2025-05-10 13:00:00
SEG-10230,39.640099,37.371893,urban,5,0,0,0,45.1,43.7,0.21,moderate,0,39.2,2025-05-10 14:00:00
SEG-10231,39.584231,37.264274,mountain,3,5,0,1,37.4,37.0,0.126,low,0,23.8,2025-05-10 15:00:00
SEG-10232,39.277796,37.185325,rural,2,6,0,1,67.1,57.2,0.304,moderate,0,29.0,2025-05-10 16:00:00
SEG-10233,39.447756,37.220655,highway,16,1,1,0,99.7,46.8,0.8,congested,0,52.3,2025-05-10 17:00:00
SEG-10234,39.644435,37.401259,highway,17,2,1,0,91.7,53.1,0.683,high,0,34.7,2025-05-10 18:00:00
SEG-10235,39.565224,37.094885,mountain,6,2,0,0,51.4,38.2,0.076,low,0,22.7,2025-05-10 19:00:00
SEG-10236,39.629182,37.471493,rural,0,0,0,0,74.8,60.9,0.217,moderate,0,50.2,2025-05-10 20:00:00
SEG-10237,39.445285,36.958414,urban,12,6,0,1,51.9,46.4,0.119,low,0,12.7,2025-05-10 21:00:00
SEG-10238,39.670567,37.332409,mountain,3,5,0,1,42.5,26.4,0.565,high,0,10.6,2025-05-10 22:00:00
SEG-10239,39.307574,37.416159,mountain,7,5,1,1,40.2,28.1,0.497,high,0,44.6,2025-05-10 23:00:00
SEG-10240,39.805854,37.141113,rural,1,3,0,0,68.4,49.9,0.479,high,0,45.2,2025-05-11 00:00:00
SEG-10241,39.738962,37.389627,rural,7,6,1,1,75.9,33.2,0.876,congested,0,54.8,2025-05-11 01:00:00
SEG-10242,39.764194,36.969921,rural,13,5,0,1,63.3,40.8,0.695,high,0,10.7,2025-05-11 02:00:00
SEG-10243,39.61324,37.35552,mountain,17,4,1,0,40.2,26.1,0.579,high,0,36.7,2025-05-11 03:00:00
SEG-10244,39.702802,36.827905,highway,7,2,1,0,86.8,60.6,0.545,high,0,52.5,2025-05-11 04:00:00
SEG-10245,39.351228,36.926516,highway,12,6,0,1,85.7,63.1,0.499,high,0,23.1,2025-05-11 05:00:00
SEG-10246,39.875912,36.993643,rural,13,6,0,1,70.9,68.4,0.039,low,0,39.9,2025-05-11 06:00:00
SEG-10247,39.443977,37.370829,urban,6,4,0,0,45.7,34.8,0.508,high,0,52.1,2025-05-11 07:00:00
SEG-10248,39.263303,37.084246,rural,11,4,0,0,64.8,54.7,0.365,moderate,0,16.1,2025-05-11 08:00:00
SEG-10249,39.425932,36.878036,mountain,11,2,0,0,35.1,30.8,0.385,moderate,0,55.0,2025-05-11 09:00:00
SEG-10250,39.698166,37.440288,rural,17,4,1,0,64.9,48.0,0.525,high,0,23.7,2025-05-11 10:00:00
SEG-10251,39.667265,36.991652,rural,12,1,0,0,61.6,45.9,0.574,high,0,50.8,2025-05-11 11:00:00
SEG-10252,39.875213,37.400272,urban,7,1,1,0,44.7,30.9,0.636,high,0,59.9,2025-05-11 12:00:00
SEG-10253,39.885392,37.322755,urban,13,1,0,0,50.6,35.7,0.476,high,0,59.0,2025-05-11 13:00:00
SEG-10254,39.253928,37.285239,rural,13,2,0,0,65.9,57.4,0.301,moderate,0,48.8,2025-05-11 14:00:00
SEG-10255,39.44384,37.291501,urban,3,6,0,1,58.4,43.8,0.205,moderate,0,50.2,2025-05-11 15:00:00
SEG-10256,39.505329,37.467215,urban,14,2,0,0,53.0,41.4,0.288,moderate,0,8.2,2025-05-11 16:00:00
SEG-10257,39.82757,36.819304,rural,15,6,0,1,75.6,58.2,0.281,moderate,0,28.7,2025-05-11 17:00:00
SEG-10258,39.362795,37.358891,urban,12,1,0,0,44.9,40.7,0.309,moderate,0,58.9,2025-05-11 18:00:00
SEG-10259,39.249709,36.84454,rural,0,4,0,0,69.7,67.4,0.063,low,0,13.9,2025-05-11 19:00:00
SEG-10260,39.432253,36.865913,urban,7,4,1,0,43.6,34.8,0.507,high,0,49.3,2025-05-11 20:00:00
SEG-10261,39.695084,37.415345,mountain,22,3,0,0,44.4,34.6,0.227,moderate,0,15.2,2025-05-11 21:00:00
SEG-10262,39.26582,36.980437,mountain,6,1,0,0,41.3,30.7,0.386,moderate,0,42.5,2025-05-11 22:00:00
SEG-10263,39.594355,37.401551,highway,5,0,0,0,88.8,87.0,0.056,low,0,15.4,2025-05-11 23:00:00
SEG-10264,39.619803,37.20179,mountain,5,4,0,0,46.1,37.8,0.092,low,0,14.8,2025-05-12 00:00:00
SEG-10265,39.284198,37.453974,urban,14,0,0,0,45.1,43.7,0.211,moderate,0,10.9,2025-05-12 01:00:00
SEG-10266,39.629234,37.036178,urban,18,4,1,0,43.0,36.4,0.453,high,0,48.1,2025-05-12 02:00:00
SEG-10267,39.543538,37.355838,highway,21,4,0,0,92.1,82.7,0.136,low,1,8.2,2025-05-12 03:00:00
SEG-10268,39.594098,37.291544,mountain,21,5,0,1,31.7,30.8,0.382,moderate,0,20.5,2025-05-12 04:00:00
SEG-10269,39.257672,36.816684,urban,14,6,0,1,48.9,45.1,0.165,low,0,35.9,2025-05-12 05:00:00
SEG-10270,39.862746,37.014984,mountain,9,3,1,0,30.8,23.5,0.687,high,0,40.3,2025-05-12 06:00:00
SEG-10271,39.236705,37.377776,highway,17,0,1,0,84.4,70.9,0.353,moderate,0,45.6,2025-05-12 07:00:00
SEG-10272,39.424217,37.299824,urban,16,2,1,0,43.5,35.4,0.486,high,0,7.5,2025-05-12 08:00:00
SEG-10273,39.840671,37.031525,mountain,6,5,0,1,40.2,38.7,0.055,low,0,26.4,2025-05-12 09:00:00
SEG-10274,39.38073,37.445524,urban,11,6,0,1,46.7,43.5,0.218,moderate,0,22.0,2025-05-12 10:00:00
SEG-10275,39.332648,37.345458,rural,13,5,0,1,62.9,68.6,0.033,low,0,5.6,2025-05-12 11:00:00
SEG-10276,39.718065,37.468722,mountain,1,5,0,1,38.3,37.5,0.105,low,0,20.8,2025-05-12 12:00:00
SEG-10277,39.588325,37.148577,rural,3,6,0,1,62.5,67.5,0.06,low,0,59.8,2025-05-12 13:00:00
SEG-10278,39.505164,37.059631,mountain,15,0,0,0,39.6,35.4,0.19,low,0,41.5,2025-05-12 14:00:00
SEG-10279,39.445082,36.940455,urban,6,5,0,1,44.6,47.4,0.088,low,0,26.5,2025-05-12 15:00:00
SEG-10280,39.50721,37.409936,urban,9,4,1,0,53.4,38.9,0.37,moderate,0,35.6,2025-05-12 16:00:00
SEG-10281,39.63301,36.918941,urban,17,2,1,0,51.6,40.0,0.332,moderate,0,25.4,2025-05-12 17:00:00
SEG-10282,39.738087,36.883749,urban,3,5,0,1,51.1,45.3,0.156,low,0,9.1,2025-05-12 18:00:00
SEG-10283,39.366368,37.143394,mountain,18,5,1,1,46.9,27.7,0.513,high,0,58.9,2025-05-12 19:00:00
SEG-10284,39.711685,37.474128,mountain,15,1,0,0,37.1,31.5,0.353,moderate,0,45.7,2025-05-12 20:00:00
SEG-10285,39.891243,36.887517,mountain,9,1,1,0,42.5,33.2,0.283,moderate,0,16.4,2025-05-12 21:00:00
SEG-10286,39.29318,37.170956,mountain,13,3,0,0,40.2,32.5,0.314,moderate,0,57.1,2025-05-12 22:00:00
SEG-10287,39.474981,37.129163,rural,14,4,0,0,77.9,45.7,0.578,high,0,29.9,2025-05-12 23:00:00
SEG-10288,39.562251,36.926221,mountain,1,1,0,0,32.8,34.0,0.251,moderate,0,41.7,2025-05-13 00:00:00
SEG-10289,39.338467,37.087903,rural,23,5,0,1,72.7,55.5,0.346,moderate,0,52.7,2025-05-13 01:00:00
SEG-10290,39.224711,36.867945,urban,15,2,0,0,51.0,40.0,0.332,moderate,0,52.8,2025-05-13 02:00:00
SEG-10291,39.636262,37.02085,rural,2,2,0,0,70.4,49.3,0.492,high,0,29.6,2025-05-13 03:00:00
SEG-10292,39.306412,37.09063,rural,22,1,0,0,63.2,62.4,0.18,low,0,35.4,2025-05-13 04:00:00
SEG-10293,39.728971,36.894919,mountain,22,2,0,0,38.6,27.2,0.533,high,0,25.9,2025-05-13 05:00:00
SEG-10294,39.879208,37.462623,urban,0,4,0,0,40.5,34.7,0.51,high,0,53.8,2025-05-13 06:00:00
SEG-10295,39.337992,37.243956,highway,5,1,0,0,85.8,80.2,0.181,low,0,48.6,2025-05-13 07:00:00
SEG-10296,39.887425,37.432996,highway,11,4,0,0,94.3,66.6,0.433,high,0,40.7,2025-05-13 08:00:00
SEG-10297,39.433043,36.821962,rural,8,3,1,0,70.6,53.0,0.405,high,0,56.0,2025-05-13 09:00:00
SEG-10298,39.687799,37.034944,highway,23,4,0,0,93.2,84.1,0.11,low,0,27.4,2025-05-13 10:00:00
SEG-10299,39.83935,37.443143,rural,4,2,0,0,60.7,52.7,0.411,high,0,41.6,2025-05-13 11:00:00
SEG-10300,39.600336,36.965862,rural,16,0,1,0,71.7,35.7,0.817,congested,0,45.5,2025-05-13 12:00:00
SEG-10301,39.811381,37.350292,rural,19,0,1,0,71.0,56.4,0.324,moderate,0,11.7,2025-05-13 13:00:00
SEG-10302,39.470831,37.237816,urban,6,5,0,1,53.3,39.6,0.347,moderate,0,32.2,2025-05-13 14:00:00
SEG-10303,39.555309,36.855691,urban,15,2,0,0,58.6,41.6,0.28,moderate,0,19.5,2025-05-13 15:00:00
SEG-10304,39.621088,37.154658,urban,22,0,0,0,48.8,46.2,0.125,low,0,45.4,2025-05-13 16:00:00
SEG-10305,39.633892,37.372392,highway,20,5,0,1,95.1,78.7,0.209,moderate,0,47.0,2025-05-13 17:00:00
SEG-10306,39.688653,37.223855,mountain,0,5,0,1,46.3,33.1,0.289,moderate,0,22.5,2025-05-13 18:00:00
SEG-10307,39.899368,36.9332,rural,23,6,0,1,68.4,61.3,0.206,moderate,0,7.3,2025-05-13 19:00:00
SEG-10308,39.525075,36.906879,rural,13,3,0,0,69.6,49.0,0.5,high,0,53.0,2025-05-13 20:00:00
SEG-10309,39.66324,36.920946,rural,12,6,0,1,65.1,40.9,0.693,high,0,15.1,2025-05-13 21:00:00
SEG-10310,39.310821,37.380845,highway,0,3,0,0,92.4,69.8,0.374,moderate,0,38.4,2025-05-13 22:00:00
SEG-10311,39.860337,37.362535,mountain,13,3,0,0,36.8,33.7,0.261,moderate,0,5.7,2025-05-13 23:00:00
SEG-10312,39.619381,37.170746,rural,20,1,0,0,67.4,62.1,0.188,low,0,12.0,2025-05-14 00:00:00
SEG-10313,39.363407,37.410312,mountain,2,0,0,0,44.1,31.5,0.355,moderate,0,55.4,2025-05-14 01:00:00
SEG-10314,39.875832,37.347117,mountain,8,4,1,0,30.1,29.9,0.421,high,0,38.5,2025-05-14 02:00:00
SEG-10315,39.725135,37.236525,urban,15,4,0,0,45.2,41.9,0.269,moderate,0,32.0,2025-05-14 03:00:00
SEG-10316,39.454648,37.344431,rural,2,3,0,0,66.5,62.8,0.171,low,1,24.6,2025-05-14 04:00:00
SEG-10317,39.818249,36.940041,mountain,17,1,1,0,40.6,22.9,0.712,congested,0,15.4,2025-05-14 05:00:00
SEG-10318,39.373759,37.063206,highway,9,5,1,1,87.0,72.5,0.324,moderate,0,16.2,2025-05-14 06:00:00
SEG-10319,39.836865,36.90333,rural,0,0,0,0,60.7,46.2,0.566,high,0,35.5,2025-05-14 07:00:00
SEG-10320,39.425963,36.811869,mountain,10,0,0,0,44.2,35.3,0.195,low,0,12.8,2025-05-14 08:00:00
SEG-10321,39.785251,36.824174,mountain,17,0,1,0,41.4,24.8,0.635,high,0,36.1,2025-05-14 09:00:00
SEG-10322,39.297938,36.871577,highway,16,0,1,0,94.1,54.3,0.661,high,0,24.8,2025-05-14 10:00:00
SEG-10323,39.567276,37.249273,rural,10,0,0,0,76.8,59.6,0.248,moderate,0,13.5,2025-05-14 11:00:00
SEG-10324,39.216958,37.250032,highway,6,3,0,0,88.1,74.8,0.281,moderate,1,46.7,2025-05-14 12:00:00
SEG-10325,39.557173,37.002748,urban,4,4,0,0,44.6,44.7,0.177,low,1,44.3,2025-05-14 13:00:00
SEG-10326,39.205007,37.291277,mountain,17,0,1,0,35.8,31.8,0.341,moderate,0,14.0,2025-05-14 14:00:00
SEG-10327,39.46201,37.071894,urban,4,4,0,0,47.7,49.4,0.02,low,0,46.5,2025-05-14 15:00:00
SEG-10328,39.220172,37.222358,rural,10,1,0,0,66.5,55.8,0.339,moderate,0,15.2,2025-05-14 16:00:00
SEG-10329,39.714992,37.009027,highway,12,6,0,1,85.1,81.6,0.155,low,0,16.8,2025-05-14 17:00:00
SEG-10330,39.376633,37.15777,rural,11,3,0,0,68.7,67.2,0.066,low,0,23.4,2025-05-14 18:00:00
SEG-10331,39.844573,37.136123,mountain,23,3,0,0,43.2,29.3,0.444,high,0,48.7,2025-05-14 19:00:00
SEG-10332,39.268063,37.057635,urban,2,4,0,0,41.9,49.4,0.021,low,0,25.5,2025-05-14 20:00:00
SEG-10333,39.821153,37.36039,rural,13,5,0,1,59.5,67.5,0.06,low,0,55.6,2025-05-14 21:00:00
SEG-10334,39.389047,37.292014,highway,15,1,0,0,82.0,81.7,0.154,low,0,8.6,2025-05-14 22:00:00
SEG-10335,39.603732,36.830824,mountain,0,0,0,0,41.0,32.6,0.309,moderate,0,47.3,2025-05-14 23:00:00
SEG-10336,39.874233,36.931649,rural,22,2,0,0,66.6,49.4,0.49,high,0,7.4,2025-05-15 00:00:00
SEG-10337,39.51938,37.130733,mountain,17,5,1,1,31.5,26.3,0.569,high,0,41.2,2025-05-15 01:00:00
SEG-10338,39.606148,37.060477,rural,23,4,0,0,78.5,58.8,0.266,moderate,0,42.0,2025-05-15 02:00:00
SEG-10339,39.296349,37.447303,mountain,21,4,0,0,39.1,30.1,0.414,high,0,29.8,2025-05-15 03:00:00
SEG-10340,39.578148,37.382409,urban,1,2,0,0,54.8,42.4,0.255,moderate,0,49.9,2025-05-15 04:00:00
SEG-10341,39.229385,36.872671,urban,22,3,0,0,57.5,45.1,0.165,low,1,56.4,2025-05-15 05:00:00
SEG-10342,39.785528,37.061325,urban,23,1,0,0,55.6,38.4,0.388,moderate,0,17.0,2025-05-15 06:00:00
SEG-10343,39.308991,37.28576,rural,23,3,0,0,67.7,49.5,0.488,high,0,44.4,2025-05-15 07:00:00
SEG-10344,39.646774,37.466085,highway,15,1,0,0,90.3,76.6,0.248,moderate,0,16.4,2025-05-15 08:00:00
SEG-10345,39.440219,37.062441,highway,2,2,0,0,90.8,56.6,0.619,high,0,39.1,2025-05-15 09:00:00
SEG-10346,39.531518,37.358482,mountain,20,4,0,0,40.2,30.9,0.379,moderate,0,37.3,2025-05-15 10:00:00
SEG-10347,39.781441,37.241909,rural,21,3,0,0,61.4,62.4,0.181,low,0,25.9,2025-05-15 11:00:00
SEG-10348,39.289869,37.403902,rural,7,4,1,0,72.3,50.2,0.471,high,0,32.6,2025-05-15 12:00:00
SEG-10349,39.377243,36.882368,mountain,8,5,1,1,28.5,26.6,0.557,high,0,14.6,2025-05-15 13:00:00
SEG-10350,39.308357,37.386162,mountain,9,6,1,1,41.8,30.1,0.414,high,1,47.7,2025-05-15 14:00:00
SEG-10351,39.545346,37.29968,urban,12,0,0,0,55.5,46.5,0.117,low,0,57.1,2025-05-15 15:00:00
SEG-10352,39.689245,36.814376,highway,3,1,0,0,82.4,82.9,0.132,low,0,10.8,2025-05-15 16:00:00
SEG-10353,39.814447,37.265292,mountain,1,2,0,0,38.8,29.1,0.454,high,0,32.9,2025-05-15 17:00:00
SEG-10354,39.590158,37.134516,urban,4,0,0,0,57.2,46.4,0.121,low,0,11.4,2025-05-15 18:00:00
SEG-10355,39.278927,37.266138,highway,7,1,1,0,88.7,62.1,0.516,high,0,5.5,2025-05-15 19:00:00
SEG-10356,39.535114,36.869333,urban,10,1,0,0,44.6,30.5,0.65,high,0,49.2,2025-05-15 20:00:00
SEG-10357,39.489456,37.237936,urban,21,1,0,0,54.6,32.8,0.572,high,0,50.5,2025-05-15 21:00:00
SEG-10358,39.473543,37.224506,mountain,1,6,0,1,45.6,34.9,0.212,moderate,0,38.8,2025-05-15 22:00:00
SEG-10359,39.22164,36.846434,mountain,20,6,0,1,33.8,34.0,0.251,moderate,0,54.0,2025-05-15 23:00:00
SEG-10360,39.841978,37.012448,urban,20,0,0,0,45.7,42.9,0.236,moderate,0,57.2,2025-05-16 00:00:00
SEG-10361,39.623643,37.262706,mountain,12,6,0,1,39.0,28.5,0.478,high,0,30.8,2025-05-16 01:00:00
SEG-10362,39.812326,37.216104,highway,22,3,0,0,91.6,73.5,0.306,moderate,0,18.2,2025-05-16 02:00:00
SEG-10363,39.618432,37.268779,urban,11,2,0,0,61.3,46.4,0.12,low,0,38.7,2025-05-16 03:00:00
SEG-10364,39.343125,37.123883,urban,22,2,0,0,47.5,46.6,0.113,low,0,21.0,2025-05-16 04:00:00
SEG-10365,39.547869,36.971944,urban,6,4,0,0,49.7,32.4,0.586,high,0,19.9,2025-05-16 05:00:00
SEG-10366,39.76918,37.488707,mountain,17,2,1,0,43.2,29.9,0.422,high,0,56.0,2025-05-16 06:00:00
SEG-10367,39.887104,37.239679,mountain,17,4,1,0,40.1,21.6,0.768,congested,0,10.9,2025-05-16 07:00:00
SEG-10368,39.238152,37.393022,mountain,12,2,0,0,38.9,36.8,0.132,low,0,48.1,2025-05-16 08:00:00
SEG-10369,39.500862,36.961342,mountain,6,0,0,0,46.2,39.4,0.023,low,0,36.4,2025-05-16 09:00:00
SEG-10370,39.777584,36.942199,rural,17,2,1,0,60.7,42.3,0.659,high,0,45.7,2025-05-16 10:00:00
SEG-10371,39.31595,36.92148,rural,15,0,0,0,61.7,64.0,0.143,low,0,10.9,2025-05-16 11:00:00
SEG-10372,39.362527,37.393098,urban,21,2,0,0,45.5,45.1,0.162,low,0,53.8,2025-05-16 12:00:00
SEG-10373,39.47153,37.109533,mountain,0,4,0,0,42.9,23.5,0.687,high,0,12.9,2025-05-16 13:00:00
SEG-10374,39.419948,37.083572,highway,19,6,1,1,90.0,60.5,0.546,high,0,38.0,2025-05-16 14:00:00
SEG-10375,39.441629,37.06668,mountain,0,5,0,1,44.1,33.0,0.29,moderate,0,44.8,2025-05-16 15:00:00
SEG-10376,39.534972,36.917979,mountain,2,3,0,0,44.4,35.1,0.205,moderate,0,49.6,2025-05-16 16:00:00
SEG-10377,39.630815,37.186977,highway,12,2,0,0,84.3,87.3,0.05,low,0,33.9,2025-05-16 17:00:00
SEG-10378,39.360362,37.018119,rural,14,1,0,0,66.4,59.6,0.248,moderate,0,7.9,2025-05-16 18:00:00
SEG-10379,39.388331,37.348201,urban,9,4,1,0,49.5,28.7,0.711,congested,0,47.8,2025-05-16 19:00:00
SEG-10380,39.559272,36.814503,rural,23,1,0,0,68.3,66.8,0.076,low,0,7.7,2025-05-16 20:00:00
SEG-10381,39.372052,36.922602,urban,4,1,0,0,50.0,34.7,0.51,high,0,18.7,2025-05-16 21:00:00
SEG-10382,39.727981,37.185221,highway,2,3,0,0,88.4,83.7,0.117,low,0,40.6,2025-05-16 22:00:00
SEG-10383,39.485375,37.152207,rural,19,4,1,0,59.6,46.0,0.572,high,0,49.3,2025-05-16 23:00:00
SEG-10384,39.216713,37.141055,urban,2,4,0,0,50.0,46.2,0.127,low,0,46.3,2025-05-17 00:00:00
SEG-10385,39.832565,36.977044,mountain,18,6,1,1,36.5,19.3,0.863,congested,0,44.2,2025-05-17 01:00:00
SEG-10386,39.648016,36.870899,rural,6,3,0,0,66.7,63.2,0.163,low,0,53.8,2025-05-17 02:00:00
SEG-10387,39.88695,37.393022,mountain,2,4,0,0,43.3,35.6,0.184,low,0,23.2,2025-05-17 03:00:00
SEG-10388,39.641472,37.059887,rural,16,1,1,0,65.7,32.2,0.9,congested,0,24.1,2025-05-17 04:00:00
SEG-10389,39.541262,37.334548,rural,9,2,1,0,71.4,54.3,0.374,moderate,1,47.9,2025-05-17 05:00:00
SEG-10390,39.386974,36.899548,highway,4,6,0,1,91.9,76.8,0.245,moderate,0,26.7,2025-05-17 06:00:00
SEG-10391,39.498838,37.197731,highway,1,2,0,0,88.9,80.7,0.173,low,0,16.6,2025-05-17 07:00:00
SEG-10392,39.840594,36.915923,highway,5,6,0,1,88.8,87.9,0.038,low,0,49.6,2025-05-17 08:00:00
SEG-10393,39.665459,37.168696,rural,19,5,1,1,67.8,50.3,0.469,high,0,50.9,2025-05-17 09:00:00
SEG-10394,39.549212,37.306994,rural,19,6,1,1,59.8,57.2,0.304,moderate,0,52.5,2025-05-17 10:00:00
SEG-10395,39.688167,37.154091,highway,4,4,0,0,96.9,85.5,0.084,low,0,27.0,2025-05-17 11:00:00
SEG-10396,39.239832,37.084147,rural,9,0,1,0,65.3,54.4,0.371,moderate,0,23.4,2025-05-17 12:00:00
SEG-10397,39.611896,37.083722,rural,3,2,0,0,72.1,62.9,0.17,low,0,20.8,2025-05-17 13:00:00
SEG-10398,39.305032,37.09998,urban,10,1,0,0,59.3,34.1,0.529,high,0,43.4,2025-05-17 14:00:00
SEG-10399,39.675118,37.442658,urban,1,0,0,0,42.9,39.9,0.335,moderate,0,41.6,2025-05-17 15:00:00
SEG-10400,39.895437,36.875277,highway,1,1,0,0,84.2,84.8,0.096,low,0,50.7,2025-05-17 16:00:00
SEG-10401,39.560424,37.147491,rural,4,0,0,0,66.2,53.6,0.391,moderate,0,20.6,2025-05-17 17:00:00
SEG-10402,39.414479,37.257443,mountain,10,5,0,1,42.1,36.6,0.142,low,0,48.7,2025-05-17 18:00:00
SEG-10403,39.303376,37.498758,rural,21,2,0,0,65.2,56.6,0.32,moderate,0,44.8,2025-05-17 19:00:00
SEG-10404,39.850911,37.267789,rural,10,5,0,1,66.2,61.2,0.21,moderate,0,44.0,2025-05-17 20:00:00
SEG-10405,39.788785,37.362539,mountain,20,0,0,0,32.9,33.7,0.264,moderate,0,49.7,2025-05-17 21:00:00
SEG-10406,39.721697,37.295169,mountain,21,3,0,0,33.1,28.6,0.474,high,0,52.7,2025-05-17 22:00:00
SEG-10407,39.891858,36.903717,urban,0,6,0,1,39.4,35.4,0.485,high,0,18.2,2025-05-17 23:00:00
SEG-10408,39.697956,37.360146,mountain,8,1,1,0,39.7,26.4,0.566,high,0,50.3,2025-05-18 00:00:00
SEG-10409,39.571608,37.42271,urban,6,1,0,0,50.3,45.2,0.16,low,0,38.7,2025-05-18 01:00:00
SEG-10410,39.729042,36.83116,urban,13,6,0,1,47.5,42.4,0.253,moderate,0,48.6,2025-05-18 02:00:00
SEG-10411,39.410198,37.256438,mountain,13,3,0,0,44.4,36.4,0.15,low,1,17.6,2025-05-18 03:00:00
SEG-10412,39.829646,37.457942,rural,12,2,0,0,80.0,65.5,0.108,low,0,47.2,2025-05-18 04:00:00
SEG-10413,39.40129,36.88111,rural,19,5,1,1,71.0,55.2,0.353,moderate,0,59.4,2025-05-18 05:00:00
SEG-10414,39.269622,37.451757,rural,5,4,0,0,69.6,56.1,0.33,moderate,0,19.1,2025-05-18 06:00:00
SEG-10415,39.89852,37.28409,urban,13,1,0,0,47.0,40.3,0.323,moderate,0,9.2,2025-05-18 07:00:00
SEG-10416,39.730914,36.989036,urban,3,6,0,1,53.7,25.3,0.822,congested,0,32.5,2025-05-18 08:00:00
SEG-10417,39.264421,36.923479,mountain,16,0,1,0,47.7,29.2,0.449,high,0,35.0,2025-05-18 09:00:00
SEG-10418,39.893779,37.33012,rural,23,0,0,0,67.3,62.7,0.174,low,0,46.6,2025-05-18 10:00:00
SEG-10419,39.24683,37.495116,highway,16,6,1,1,93.7,70.9,0.353,moderate,0,41.1,2025-05-18 11:00:00
SEG-10420,39.225466,36.931656,mountain,17,6,1,1,39.2,26.7,0.553,high,0,25.5,2025-05-18 12:00:00
SEG-10421,39.592989,36.881546,rural,13,5,0,1,69.6,54.4,0.371,moderate,0,32.2,2025-05-18 13:00:00
SEG-10422,39.575957,37.097948,rural,3,4,0,0,72.3,51.8,0.434,high,0,41.6,2025-05-18 14:00:00
SEG-10423,39.886917,37.482591,urban,22,2,0,0,50.6,33.1,0.564,high,0,32.4,2025-05-18 15:00:00
SEG-10424,39.296197,37.167468,rural,13,0,0,0,68.1,66.8,0.075,low,0,58.6,2025-05-18 16:00:00
SEG-10425,39.39356,37.389027,rural,10,0,0,0,68.7,66.0,0.096,low,0,34.8,2025-05-18 17:00:00
SEG-10426,39.482555,37.451551,highway,22,4,0,0,86.1,75.7,0.264,moderate,0,23.3,2025-05-18 18:00:00
SEG-10427,39.229767,37.36665,highway,4,0,0,0,99.5,68.1,0.405,high,0,10.9,2025-05-18 19:00:00
SEG-10428,39.272712,37.368574,urban,18,4,1,0,42.1,39.3,0.357,moderate,0,45.6,2025-05-18 20:00:00
SEG-10429,39.789288,37.144857,urban,13,0,0,0,51.5,39.2,0.359,moderate,0,28.6,2025-05-18 21:00:00
SEG-10430,39.837522,37.001364,mountain,6,6,0,1,40.1,32.2,0.327,moderate,0,28.1,2025-05-18 22:00:00
SEG-10431,39.329051,37.248574,mountain,0,0,0,0,49.8,32.4,0.315,moderate,0,41.9,2025-05-18 23:00:00
SEG-10432,39.393584,36.878829,urban,22,0,0,0,53.4,44.4,0.187,low,0,43.3,2025-05-19 00:00:00
SEG-10433,39.808161,37.027578,mountain,3,2,0,0,40.1,37.2,0.118,low,0,41.3,2025-05-19 01:00:00
SEG-10434,39.808966,37.40068,rural,14,5,0,1,67.0,60.8,0.22,moderate,0,29.1,2025-05-19 02:00:00
SEG-10435,39.489383,37.416915,rural,0,3,0,0,65.1,58.2,0.28,moderate,0,20.4,2025-05-19 03:00:00
SEG-10436,39.650975,37.11454,mountain,0,3,0,0,38.5,29.7,0.43,high,0,26.5,2025-05-19 04:00:00
SEG-10437,39.469207,37.490545,urban,15,1,0,0,46.3,44.4,0.185,low,0,40.3,2025-05-19 05:00:00
SEG-10438,39.660806,37.359623,urban,3,2,0,0,50.0,39.6,0.347,moderate,0,53.7,2025-05-19 06:00:00
SEG-10439,39.629516,37.359296,urban,9,2,1,0,49.0,29.8,0.672,high,0,15.1,2025-05-19 07:00:00
SEG-10440,39.536713,36.93116,mountain,16,0,1,0,39.1,22.7,0.721,congested,0,43.3,2025-05-19 08:00:00
SEG-10441,39.637233,37.42318,rural,18,1,1,0,62.1,42.8,0.648,high,0,52.2,2025-05-19 09:00:00
SEG-10442,39.211502,36.853388,rural,15,6,0,1,67.5,60.0,0.237,moderate,0,7.4,2025-05-19 10:00:00
SEG-10443,39.716617,36.952929,mountain,13,4,0,0,38.9,30.4,0.401,high,0,19.1,2025-05-19 11:00:00
SEG-10444,39.618826,37.322492,mountain,3,2,0,0,43.4,26.9,0.545,high,0,20.2,2025-05-19 12:00:00
SEG-10445,39.431521,36.862097,urban,21,6,0,1,48.6,31.5,0.617,high,0,55.9,2025-05-19 13:00:00
SEG-10446,39.315006,37.31723,rural,0,3,0,0,76.5,57.1,0.308,moderate,0,15.6,2025-05-19 14:00:00
SEG-10447,39.514627,37.233052,urban,7,5,1,1,49.2,40.0,0.334,moderate,1,44.9,2025-05-19 15:00:00
SEG-10448,39.681542,37.383534,urban,11,5,0,1,52.6,40.7,0.31,moderate,0,6.9,2025-05-19 16:00:00
SEG-10449,39.386298,37.164183,urban,21,6,0,1,54.1,44.5,0.183,low,0,42.2,2025-05-19 17:00:00
SEG-10450,39.514341,36.920495,rural,14,1,0,0,72.8,51.4,0.443,high,0,38.3,2025-05-19 18:00:00
SEG-10451,39.606982,37.357621,highway,6,3,0,0,85.4,79.1,0.202,moderate,0,8.0,2025-05-19 19:00:00
SEG-10452,39.236982,36.925855,highway,17,3,1,0,96.4,66.3,0.438,high,0,7.8,2025-05-19 20:00:00
SEG-10453,39.432453,36.895326,highway,7,4,1,0,83.7,60.3,0.55,high,0,28.5,2025-05-19 21:00:00
SEG-10454,39.509643,37.095486,urban,4,6,0,1,48.6,30.5,0.651,high,0,30.3,2025-05-19 22:00:00
SEG-10455,39.221243,37.025748,rural,10,0,0,0,68.5,63.8,0.148,low,0,49.4,2025-05-19 23:00:00
SEG-10456,39.577322,37.060078,highway,2,5,0,1,91.9,75.6,0.266,moderate,0,44.6,2025-05-20 00:00:00
SEG-10457,39.404497,36.911492,rural,10,3,0,0,61.9,54.2,0.376,moderate,0,13.1,2025-05-20 01:00:00
SEG-10458,39.402284,37.235158,mountain,9,3,1,0,44.7,23.7,0.678,high,1,28.9,2025-05-20 02:00:00
SEG-10459,39.706729,36.992556,highway,1,4,0,0,91.3,87.0,0.056,low,0,25.8,2025-05-20 03:00:00
SEG-10460,39.662927,37.056347,highway,7,3,1,0,93.8,66.8,0.43,high,0,7.3,2025-05-20 04:00:00
SEG-10461,39.590784,37.232664,highway,20,3,0,0,82.1,85.7,0.079,low,0,5.9,2025-05-20 05:00:00
SEG-10462,39.376971,37.170003,urban,4,0,0,0,58.6,49.0,0.034,low,0,19.4,2025-05-20 06:00:00
SEG-10463,39.331379,37.25342,rural,20,1,0,0,62.9,52.4,0.418,high,0,18.3,2025-05-20 07:00:00
SEG-10464,39.65163,37.266885,highway,4,5,0,1,88.5,80.0,0.186,low,1,53.4,2025-05-20 08:00:00
SEG-10465,39.744806,36.857518,urban,11,5,0,1,53.9,34.4,0.519,high,0,50.2,2025-05-20 09:00:00
SEG-10466,39.811427,36.930612,rural,20,3,0,0,71.9,63.6,0.152,low,0,34.9,2025-05-20 10:00:00
SEG-10467,39.602997,37.370305,urban,9,1,1,0,42.2,33.8,0.541,high,0,55.5,2025-05-20 11:00:00
SEG-10468,39.88761,37.032086,urban,23,0,0,0,55.5,43.2,0.226,moderate,0,8.4,2025-05-20 12:00:00
SEG-10469,39.420552,37.296215,rural,1,2,0,0,69.0,56.6,0.319,moderate,0,17.2,2025-05-20 13:00:00
SEG-10470,39.751161,37.181065,urban,3,0,0,0,47.4,47.2,0.095,low,0,39.7,2025-05-20 14:00:00
SEG-10471,39.253788,36.858706,urban,15,1,0,0,47.9,46.0,0.134,low,0,46.9,2025-05-20 15:00:00
SEG-10472,39.7042,37.167132,mountain,10,3,0,0,51.0,38.7,0.056,low,0,6.5,2025-05-20 16:00:00
SEG-10473,39.566709,36.809184,highway,18,0,1,0,90.6,65.6,0.451,high,0,23.4,2025-05-20 17:00:00
SEG-10474,39.490858,36.802152,mountain,8,5,1,1,37.5,26.5,0.563,high,0,48.6,2025-05-20 18:00:00
SEG-10475,39.740307,37.000785,urban,1,0,0,0,47.6,40.2,0.327,moderate,0,17.4,2025-05-20 19:00:00
SEG-10476,39.336294,37.370462,mountain,16,3,1,0,41.9,26.0,0.585,high,0,13.1,2025-05-20 20:00:00
SEG-10477,39.686792,37.400094,urban,14,2,0,0,52.9,39.0,0.366,moderate,0,33.6,2025-05-20 21:00:00
SEG-10478,39.544663,37.076848,mountain,23,0,0,0,31.9,30.5,0.396,moderate,1,43.2,2025-05-20 22:00:00
SEG-10479,39.81238,36.838771,highway,23,1,0,0,93.5,83.6,0.119,low,0,24.9,2025-05-20 23:00:00
SEG-10480,39.250876,37.458216,mountain,19,0,1,0,42.9,21.4,0.777,congested,0,19.0,2025-05-21 00:00:00
SEG-10481,39.53977,37.393202,rural,11,0,0,0,82.0,44.4,0.61,high,0,35.9,2025-05-21 01:00:00
SEG-10482,39.588172,37.355668,urban,19,1,1,0,58.7,32.9,0.57,high,0,18.1,2025-05-21 02:00:00
SEG-10483,39.271732,37.059394,urban,13,0,0,0,49.2,45.9,0.138,low,0,6.0,2025-05-21 03:00:00
SEG-10484,39.700257,37.117176,highway,16,2,1,0,89.7,72.6,0.322,moderate,0,37.9,2025-05-21 04:00:00
SEG-10485,39.649225,37.331646,mountain,19,4,1,0,49.1,23.8,0.675,high,0,42.2,2025-05-21 05:00:00
SEG-10486,39.866355,36.973741,mountain,2,4,0,0,38.9,34.6,0.225,moderate,1,32.5,2025-05-21 06:00:00
SEG-10487,39.275848,37.38743,rural,18,4,1,0,72.0,49.4,0.491,high,0,17.3,2025-05-21 07:00:00
SEG-10488,39.216072,37.190536,urban,13,3,0,0,54.0,33.7,0.545,high,0,28.0,2025-05-21 08:00:00
SEG-10489,39.359677,37.224712,highway,20,3,0,0,95.9,83.0,0.13,low,0,41.4,2025-05-21 09:00:00
SEG-10490,39.399291,36.802151,rural,20,1,0,0,67.1,41.0,0.69,high,0,59.0,2025-05-21 10:00:00
SEG-10491,39.451106,37.273588,mountain,10,0,0,0,44.2,29.3,0.446,high,0,19.6,2025-05-21 11:00:00
SEG-10492,39.268777,37.38143,mountain,18,3,1,0,46.3,29.1,0.453,high,0,22.3,2025-05-21 12:00:00
SEG-10493,39.611328,37.341201,rural,3,2,0,0,64.3,47.0,0.548,high,0,20.0,2025-05-21 13:00:00
SEG-10494,39.55273,36.85254,highway,0,6,0,1,85.5,81.7,0.153,low,0,58.3,2025-05-21 14:00:00
SEG-10495,39.640903,36.851214,highway,1,0,0,0,82.0,79.4,0.196,low,0,8.0,2025-05-21 15:00:00
SEG-10496,39.487794,36.900554,mountain,5,6,0,1,39.6,32.2,0.327,moderate,0,5.9,2025-05-21 16:00:00
SEG-10497,39.819805,37.308215,mountain,14,3,0,0,36.5,26.6,0.56,high,0,27.6,2025-05-21 17:00:00
SEG-10498,39.707492,37.378204,urban,19,1,1,0,60.0,31.3,0.622,high,0,36.1,2025-05-21 18:00:00
SEG-10499,39.336688,36.941867,highway,8,0,1,0,84.7,64.0,0.481,high,0,56.5,2025-05-21 19:00:00
SEG-10500,39.897278,37.435347,rural,11,5,0,1,69.1,58.2,0.28,moderate,0,25.9,2025-05-21 20:00:00
SEG-10501,39.582279,37.483503,urban,13,1,0,0,48.2,33.3,0.558,high,0,15.5,2025-05-21 21:00:00
SEG-10502,39.318086,37.205165,mountain,2,5,0,1,49.5,33.2,0.282,moderate,0,7.4,2025-05-21 22:00:00
SEG-10503,39.7824,37.078852,highway,13,2,0,0,93.0,79.2,0.2,low,0,56.0,2025-05-21 23:00:00
SEG-10504,39.814727,37.425986,mountain,23,6,0,1,32.1,35.5,0.189,low,0,15.6,2025-05-22 00:00:00
SEG-10505,39.624546,36.963705,mountain,5,4,0,0,35.0,32.6,0.31,moderate,0,50.4,2025-05-22 01:00:00
SEG-10506,39.51475,37.31715,urban,3,6,0,1,42.2,39.8,0.341,moderate,0,40.0,2025-05-22 02:00:00
SEG-10507,39.365165,37.083559,mountain,21,0,0,0,40.4,33.0,0.291,moderate,0,13.1,2025-05-22 03:00:00
SEG-10508,39.326314,37.240422,highway,11,6,0,1,88.6,88.6,0.026,low,0,42.3,2025-05-22 04:00:00
SEG-10509,39.251004,37.255911,rural,0,6,0,1,72.6,60.2,0.234,moderate,0,9.0,2025-05-22 05:00:00
SEG-10510,39.613443,37.3408,urban,10,4,0,0,49.4,43.5,0.217,moderate,0,20.9,2025-05-22 06:00:00
SEG-10511,39.66362,37.179598,highway,5,1,0,0,95.3,79.8,0.188,low,0,37.9,2025-05-22 07:00:00
SEG-10512,39.626811,37.187479,rural,16,2,1,0,71.9,45.6,0.58,high,0,39.4,2025-05-22 08:00:00
SEG-10513,39.534321,37.177489,mountain,1,5,0,1,40.8,31.5,0.353,moderate,0,15.3,2025-05-22 09:00:00
SEG-10514,39.88135,37.146429,mountain,8,3,1,0,35.2,17.9,0.921,congested,0,39.3,2025-05-22 10:00:00
SEG-10515,39.603763,37.145735,mountain,16,3,1,0,39.0,27.1,0.536,high,0,48.5,2025-05-22 11:00:00
SEG-10516,39.458077,37.286851,rural,21,4,0,0,75.5,69.8,0.004,low,0,46.6,2025-05-22 12:00:00
SEG-10517,39.287378,36.995718,mountain,12,5,0,1,35.1,32.2,0.326,moderate,0,47.8,2025-05-22 13:00:00
SEG-10518,39.337275,37.047114,rural,11,2,0,0,71.7,61.7,0.197,low,0,39.9,2025-05-22 14:00:00
SEG-10519,39.355538,37.458424,urban,21,4,0,0,46.2,40.4,0.32,moderate,0,54.6,2025-05-22 15:00:00
SEG-10520,39.573128,37.036522,highway,10,3,0,0,95.7,84.2,0.108,low,0,23.9,2025-05-22 16:00:00
SEG-10521,39.459036,36.956488,urban,18,1,1,0,49.6,35.4,0.485,high,0,32.7,2025-05-22 17:00:00
SEG-10522,39.864704,37.191079,mountain,11,2,0,0,44.4,38.9,0.046,low,0,42.4,2025-05-22 18:00:00
SEG-10523,39.558617,37.203875,rural,7,0,1,0,70.4,48.8,0.505,high,0,11.2,2025-05-22 19:00:00
SEG-10524,39.365213,37.355416,mountain,19,3,1,0,44.1,32.0,0.334,moderate,0,9.9,2025-05-22 20:00:00
SEG-10525,39.456277,37.420269,rural,14,0,0,0,72.4,55.4,0.348,moderate,0,31.2,2025-05-22 21:00:00
SEG-10526,39.386028,37.392624,highway,7,6,1,1,87.7,50.5,0.731,congested,0,57.3,2025-05-22 22:00:00
SEG-10527,39.28541,37.214214,highway,1,6,0,1,83.2,79.5,0.194,low,0,8.3,2025-05-22 23:00:00
SEG-10528,39.799517,37.043821,urban,15,0,0,0,51.4,46.6,0.114,low,0,49.5,2025-05-23 00:00:00
SEG-10529,39.395677,37.403815,mountain,13,0,0,0,42.3,34.0,0.251,moderate,0,43.8,2025-05-23 01:00:00
SEG-10530,39.454597,37.406756,rural,23,5,0,1,72.2,64.0,0.142,low,0,32.6,2025-05-23 02:00:00
SEG-10531,39.817743,36.830012,rural,19,0,1,0,60.7,43.3,0.635,high,0,25.5,2025-05-23 03:00:00
SEG-10532,39.281013,37.028185,urban,18,5,1,1,48.6,39.3,0.358,moderate,0,31.4,2025-05-23 04:00:00
SEG-10533,39.399054,37.163866,urban,20,5,0,1,53.1,43.8,0.207,moderate,0,26.2,2025-05-23 05:00:00
SEG-10534,39.489296,37.32283,mountain,4,3,0,0,46.6,27.8,0.508,high,0,43.7,2025-05-23 06:00:00
SEG-10535,39.274103,36.893608,rural,9,1,1,0,77.0,54.2,0.375,moderate,0,11.9,2025-05-23 07:00:00
SEG-10536,39.819837,37.163713,urban,20,0,0,0,45.0,32.7,0.576,high,0,35.4,2025-05-23 08:00:00
SEG-10537,39.519219,37.350846,rural,0,4,0,0,72.9,64.4,0.133,low,0,31.4,2025-05-23 09:00:00
SEG-10538,39.222886,36.899712,rural,8,5,1,1,77.8,47.7,0.531,high,0,45.8,2025-05-23 10:00:00
SEG-10539,39.702802,37.472245,mountain,21,4,0,0,44.9,31.6,0.35,moderate,0,14.7,2025-05-23 11:00:00
SEG-10540,39.658777,37.476634,mountain,21,1,0,0,51.0,37.3,0.114,low,0,14.5,2025-05-23 12:00:00
SEG-10541,39.660073,37.209624,urban,23,3,0,0,46.9,35.7,0.477,high,0,18.0,2025-05-23 13:00:00
SEG-10542,39.424143,37.457787,urban,7,1,1,0,49.7,38.7,0.377,moderate,0,30.5,2025-05-23 14:00:00
SEG-10543,39.627849,37.307521,mountain,7,1,1,0,42.5,31.1,0.369,moderate,0,29.6,2025-05-23 15:00:00
SEG-10544,39.666704,37.217127,mountain,0,1,0,0,40.7,29.2,0.449,high,0,16.8,2025-05-23 16:00:00
SEG-10545,39.88046,36.894301,rural,4,4,0,0,59.0,45.8,0.577,high,0,45.1,2025-05-23 17:00:00
SEG-10546,39.624606,37.457809,highway,17,1,1,0,94.5,66.5,0.436,high,0,36.3,2025-05-23 18:00:00
SEG-10547,39.450155,36.965757,rural,21,1,0,0,66.0,59.5,0.249,moderate,0,55.8,2025-05-23 19:00:00
SEG-10548,39.601697,36.876637,highway,6,0,0,0,98.7,83.4,0.123,low,0,16.6,2025-05-23 20:00:00
SEG-10549,39.610816,37.043773,highway,0,6,0,1,93.8,85.2,0.088,low,1,21.7,2025-05-23 21:00:00
SEG-10550,39.626088,36.880619,mountain,8,5,1,1,34.3,32.6,0.307,moderate,0,11.4,2025-05-23 22:00:00
SEG-10551,39.662128,36.837452,urban,3,6,0,1,54.2,38.0,0.399,moderate,0,46.0,2025-05-23 23:00:00
SEG-10552,39.295191,37.040057,highway,3,0,0,0,89.7,78.9,0.205,moderate,0,18.7,2025-05-24 00:00:00
SEG-10553,39.662236,37.11874,urban,1,2,0,0,43.9,38.8,0.372,moderate,0,49.6,2025-05-24 01:00:00
SEG-10554,39.801891,37.203501,highway,4,6,0,1,88.8,73.4,0.307,moderate,0,25.7,2025-05-24 02:00:00
SEG-10555,39.763754,36.950233,highway,18,1,1,0,92.4,59.5,0.565,high,0,37.8,2025-05-24 03:00:00
SEG-10556,39.283055,36.992823,urban,22,4,0,0,45.8,36.4,0.455,high,0,25.2,2025-05-24 04:00:00
SEG-10557,39.537297,36.837671,rural,4,1,0,0,72.2,64.1,0.141,low,0,38.8,2025-05-24 05:00:00
SEG-10558,39.703189,37.474796,mountain,7,4,1,0,31.0,27.8,0.507,high,1,17.6,2025-05-24 06:00:00
SEG-10559,39.804839,37.379437,urban,9,4,1,0,54.2,30.0,0.666,high,0,40.3,2025-05-24 07:00:00
SEG-10560,39.496232,37.350788,urban,22,5,0,1,46.6,45.1,0.162,low,0,47.8,2025-05-24 08:00:00
SEG-10561,39.274498,37.385739,rural,11,2,0,0,66.6,56.2,0.328,moderate,0,28.9,2025-05-24 09:00:00
SEG-10562,39.715678,37.088801,highway,1,4,0,0,90.7,83.9,0.113,low,0,56.9,2025-05-24 10:00:00
SEG-10563,39.669136,37.113433,mountain,5,3,0,0,45.4,33.1,0.289,moderate,0,6.7,2025-05-24 11:00:00
SEG-10564,39.698835,37.032498,highway,10,5,0,1,99.0,65.3,0.457,high,0,58.3,2025-05-24 12:00:00
SEG-10565,39.212201,37.104567,rural,15,2,0,0,68.2,59.0,0.262,moderate,0,52.3,2025-05-24 13:00:00
SEG-10566,39.592881,37.033634,rural,14,3,0,0,79.0,53.3,0.398,moderate,0,38.4,2025-05-24 14:00:00
SEG-10567,39.447264,36.844852,urban,14,2,0,0,50.0,34.1,0.53,high,0,12.6,2025-05-24 15:00:00
SEG-10568,39.875557,37.238786,mountain,0,0,0,0,41.9,38.0,0.082,low,0,29.6,2025-05-24 16:00:00
SEG-10569,39.609895,37.180715,mountain,21,3,0,0,40.3,32.2,0.323,moderate,0,8.7,2025-05-24 17:00:00
SEG-10570,39.320484,36.978865,rural,18,0,1,0,68.9,52.8,0.41,high,0,40.6,2025-05-24 18:00:00
SEG-10571,39.339065,37.213222,mountain,12,6,0,1,39.1,32.8,0.298,moderate,0,49.8,2025-05-24 19:00:00
SEG-10572,39.866782,37.139515,mountain,19,4,1,0,36.6,16.5,0.979,congested,0,46.9,2025-05-24 20:00:00
SEG-10573,39.608005,37.438379,mountain,5,1,0,0,38.4,31.3,0.364,moderate,0,29.5,2025-05-24 21:00:00
SEG-10574,39.522519,37.432854,highway,2,5,0,1,91.3,54.1,0.665,high,0,51.3,2025-05-24 22:00:00
SEG-10575,39.582023,37.481268,highway,20,6,0,1,88.0,76.6,0.248,moderate,0,25.3,2025-05-24 23:00:00
SEG-10576,39.552555,37.211353,mountain,4,0,0,0,38.2,33.7,0.261,moderate,1,50.1,2025-05-25 00:00:00
SEG-10577,39.449236,37.159202,highway,17,3,1,0,97.1,69.5,0.379,moderate,0,36.4,2025-05-25 01:00:00
SEG-10578,39.38165,36.832776,mountain,16,2,1,0,34.4,25.1,0.619,high,0,51.3,2025-05-25 02:00:00
SEG-10579,39.258823,36.910482,urban,12,4,0,0,50.9,44.6,0.179,low,0,42.1,2025-05-25 03:00:00
SEG-10580,39.72651,37.205017,rural,5,4,0,0,81.5,54.2,0.375,moderate,0,39.9,2025-05-25 04:00:00
SEG-10581,39.753082,37.096466,rural,1,4,0,0,69.9,57.9,0.287,moderate,0,7.4,2025-05-25 05:00:00
SEG-10582,39.433315,37.064171,urban,5,3,0,0,59.0,45.4,0.152,low,0,52.2,2025-05-25 06:00:00
SEG-10583,39.398128,37.226877,mountain,5,2,0,0,47.2,35.4,0.193,low,0,18.7,2025-05-25 07:00:00
SEG-10584,39.208131,37.192583,rural,19,3,1,0,72.2,57.0,0.31,moderate,0,24.6,2025-05-25 08:00:00
SEG-10585,39.872108,37.345066,urban,20,3,0,0,51.7,27.0,0.766,congested,0,27.0,2025-05-25 09:00:00
SEG-10586,39.49744,37.236267,urban,19,0,1,0,53.9,36.8,0.44,high,0,50.6,2025-05-25 10:00:00
SEG-10587,39.811193,37.300314,urban,11,5,0,1,51.6,40.4,0.319,moderate,0,16.7,2025-05-25 11:00:00
SEG-10588,39.745831,37.290232,mountain,0,2,0,0,44.0,36.5,0.144,low,0,46.3,2025-05-25 12:00:00
SEG-10589,39.335274,37.002407,mountain,4,2,0,0,37.5,36.6,0.143,low,1,36.2,2025-05-25 13:00:00
SEG-10590,39.74068,36.888744,mountain,2,3,0,0,39.7,33.7,0.261,moderate,0,39.7,2025-05-25 14:00:00
SEG-10591,39.27321,36.958532,highway,12,3,0,0,96.2,79.0,0.203,moderate,0,15.2,2025-05-25 15:00:00
SEG-10592,39.882679,37.077079,mountain,20,3,0,0,36.0,34.1,0.247,moderate,0,26.0,2025-05-25 16:00:00
SEG-10593,39.661935,36.877452,rural,22,6,0,1,66.3,64.5,0.13,low,0,44.7,2025-05-25 17:00:00
SEG-10594,39.467043,37.286337,urban,1,6,0,1,48.9,37.0,0.433,high,0,42.6,2025-05-25 18:00:00
SEG-10595,39.494874,36.973987,highway,7,6,1,1,91.5,59.4,0.567,high,0,40.6,2025-05-25 19:00:00
SEG-10596,39.234406,37.215882,highway,16,4,1,0,87.5,57.1,0.609,high,0,34.2,2025-05-25 20:00:00
SEG-10597,39.749862,37.318392,rural,5,0,0,0,66.6,60.7,0.222,moderate,0,28.9,2025-05-25 21:00:00
SEG-10598,39.851975,37.020323,mountain,13,0,0,0,43.8,32.5,0.313,moderate,0,34.6,2025-05-25 22:00:00
SEG-10599,39.746882,37.363685,highway,18,3,1,0,85.7,48.5,0.769,congested,1,12.2,2025-05-25 23:00:00
