obs_id,timestamp,latitude,longitude,weather_condition,temperature_c,feels_like_c,precipitation_mm,precipitation_type,wind_speed_kmh,wind_direction_deg,humidity_pct,pressure_hpa,visibility_km,cloud_cover_pct,uv_index,road_surface_condition,delay_risk_score
WOB-20000,2025-04-01 00:00:00,39.643473,37.339297,fog,14.6,13.5,0.0,none,22.9,172,75.5,982.7,1.5,39.6,2.7,dry,0.451
WOB-20001,2025-04-01 03:00:00,39.798903,36.88289,snow,4.6,1.8,0.6,snow,55.9,77,49.1,1028.2,11.4,79.8,3.4,icy,0.843
WOB-20002,2025-04-01 06:00:00,39.4731,36.872559,rain,11.9,9.6,6.3,rain,45.8,90,48.3,1029.2,14.2,9.2,7.3,wet,0.497
WOB-20003,2025-04-01 09:00:00,39.204284,37.433106,snow,17.4,15.5,12.1,snow,38.4,274,31.0,1003.7,19.9,51.6,3.2,icy,0.715
WOB-20004,2025-04-01 12:00:00,39.604488,37.417735,wind,4.8,4.2,0.0,none,11.8,183,58.9,1019.3,6.2,1.4,6.4,dry,0.252
WOB-20005,2025-04-01 15:00:00,39.497492,36.903092,rain,23.4,20.8,12.0,rain,51.2,56,89.8,982.7,14.6,52.9,1.8,wet,0.61
WOB-20006,2025-04-01 18:00:00,39.572603,37.122843,rain,10.4,8.2,10.6,rain,43.8,179,93.3,1011.8,18.0,36.8,2.1,wet,0.594
WOB-20007,2025-04-01 21:00:00,39.427009,36.977252,snow,16.9,14.8,10.2,snow,41.7,137,33.1,1013.8,8.5,42.9,2.4,icy,0.773
WOB-20008,2025-04-02 00:00:00,39.791857,36.853693,fog,13.0,10.8,0.0,none,44.4,71,91.4,987.7,4.5,71.3,3.6,dry,0.455
WOB-20009,2025-04-02 03:00:00,39.770919,36.859407,snow,5.2,3.2,14.7,snow,40.9,224,88.6,999.9,14.3,20.6,5.3,icy,0.696
WOB-20010,2025-04-02 06:00:00,39.807327,37.188562,wind,6.7,5.2,0.0,none,29.4,194,74.5,1021.0,5.5,89.8,2.8,dry,0.186
WOB-20011,2025-04-02 09:00:00,39.470917,36.972857,clear,13.4,10.9,0.0,none,50.8,21,46.6,1015.7,14.1,19.4,3.1,dry,0.085
WOB-20012,2025-04-02 12:00:00,39.825656,37.031717,cloudy,10.4,7.9,0.0,none,49.8,117,87.3,980.6,9.0,85.8,6.9,dry,0.256
WOB-20013,2025-04-02 15:00:00,39.531919,37.000624,wind,14.4,12.3,0.0,none,42.9,34,84.8,997.3,10.9,17.2,2.0,dry,0.19
WOB-20014,2025-04-02 18:00:00,39.347186,37.174556,wind,21.0,19.7,0.0,none,25.6,185,74.7,1003.8,17.4,62.0,3.6,dry,0.239
WOB-20015,2025-04-02 21:00:00,39.424349,37.250555,snow,24.0,21.3,9.9,snow,54.6,63,39.6,1002.8,15.9,50.2,5.3,icy,0.795
WOB-20016,2025-04-03 00:00:00,39.560145,36.908502,snow,13.7,12.4,8.7,snow,25.5,353,68.9,995.3,13.8,98.5,3.8,icy,0.66
WOB-20017,2025-04-03 03:00:00,39.296271,37.06379,wind,21.1,20.3,0.0,none,16.5,18,82.7,1023.1,11.7,98.6,4.3,dry,0.292
WOB-20018,2025-04-03 06:00:00,39.358469,37.114671,rain,13.8,13.2,2.4,rain,12.2,266,45.3,1008.4,13.4,10.3,7.8,wet,0.52
WOB-20019,2025-04-03 09:00:00,39.860591,37.196607,wind,9.9,8.7,0.0,none,23.5,88,63.6,1005.7,17.3,4.9,4.6,dry,0.2
WOB-20020,2025-04-03 12:00:00,39.361014,37.422275,cloudy,17.0,14.6,0.0,none,49.0,8,34.1,1006.1,5.2,46.1,3.0,dry,0.222
WOB-20021,2025-04-03 15:00:00,39.590676,37.361427,clear,23.0,21.1,0.0,none,37.9,246,76.5,986.1,15.1,54.8,6.5,dry,0.068
WOB-20022,2025-04-03 18:00:00,39.364662,37.187123,cloudy,5.0,4.1,0.0,none,17.3,163,72.2,1012.1,18.8,8.5,4.1,dry,0.264
WOB-20023,2025-04-03 21:00:00,39.585232,36.896777,clear,16.4,14.0,0.0,none,47.0,161,50.1,1023.3,16.5,58.9,6.7,dry,0.061
WOB-20024,2025-04-04 00:00:00,39.784711,37.082994,clear,20.2,17.9,0.0,none,46.4,93,30.2,1020.9,5.3,27.9,2.6,dry,0.107
WOB-20025,2025-04-04 03:00:00,39.682322,37.105138,wind,7.7,7.5,0.0,none,4.5,342,55.3,993.4,5.3,7.4,7.2,dry,0.222
WOB-20026,2025-04-04 06:00:00,39.895182,36.957357,rain,20.8,20.5,1.8,rain,5.4,144,30.1,1002.4,17.6,32.4,3.2,wet,0.529
WOB-20027,2025-04-04 09:00:00,39.593188,36.936253,snow,13.7,11.9,1.1,snow,36.9,214,65.6,994.7,10.5,14.1,4.3,icy,0.819
WOB-20028,2025-04-04 12:00:00,39.363856,37.103414,snow,7.5,6.1,6.1,snow,27.5,284,63.8,1011.8,5.2,11.8,4.2,icy,0.73
WOB-20029,2025-04-04 15:00:00,39.459697,37.213953,wind,10.1,8.3,0.0,none,36.9,92,53.6,1022.2,10.5,56.9,7.2,dry,0.201
WOB-20030,2025-04-04 18:00:00,39.502129,37.29108,clear,12.9,12.8,0.0,none,1.3,183,59.5,1028.2,6.3,52.2,4.5,dry,0.066
WOB-20031,2025-04-04 21:00:00,39.732737,37.486279,cloudy,10.0,9.8,0.0,none,4.7,292,54.0,987.0,17.8,7.3,3.7,dry,0.229
WOB-20032,2025-04-05 00:00:00,39.403551,36.863149,fog,-6.3,-6.7,0.0,none,7.1,70,61.7,999.3,2.9,18.5,0.6,dry,0.391
WOB-20033,2025-04-05 03:00:00,39.614554,37.457976,snow,7.9,7.1,8.5,snow,16.8,223,47.3,988.1,14.1,60.3,3.8,icy,0.666
WOB-20034,2025-04-05 06:00:00,39.385034,37.311988,snow,7.6,5.0,12.3,snow,52.9,136,89.6,985.3,18.7,55.4,5.4,icy,0.721
WOB-20035,2025-04-05 09:00:00,39.288493,37.391445,fog,-0.1,-1.1,0.0,none,19.1,72,38.2,1023.5,4.1,49.7,0.0,dry,0.408
WOB-20036,2025-04-05 12:00:00,39.828933,37.087006,snow,27.9,26.7,1.4,snow,24.0,27,59.9,990.6,18.9,13.6,6.8,icy,0.759
WOB-20037,2025-04-05 15:00:00,39.819835,36.995999,rain,24.4,22.6,13.8,rain,36.7,29,35.8,1006.0,18.3,94.5,6.5,wet,0.547
WOB-20038,2025-04-05 18:00:00,39.89558,36.850742,cloudy,18.3,16.9,0.0,none,27.2,277,90.1,1019.7,6.4,37.3,3.9,dry,0.233
WOB-20039,2025-04-05 21:00:00,39.241301,36.881318,clear,19.3,17.4,0.0,none,38.5,190,93.4,1010.5,16.3,84.4,7.1,dry,0.0
WOB-20040,2025-04-06 00:00:00,39.723272,36.830534,clear,26.6,25.7,0.0,none,18.9,185,44.8,1020.8,11.4,79.4,0.4,dry,0.091
WOB-20041,2025-04-06 03:00:00,39.67634,36.803222,snow,16.6,14.2,7.2,snow,48.6,247,46.7,1015.0,13.9,98.8,0.7,icy,0.761
WOB-20042,2025-04-06 06:00:00,39.652102,37.358214,snow,8.8,6.7,10.8,snow,41.9,267,60.4,1009.7,8.4,57.3,6.9,icy,0.731
WOB-20043,2025-04-06 09:00:00,39.785433,36.861664,rain,9.0,7.6,4.5,rain,28.3,319,81.5,1005.7,6.7,14.1,3.8,wet,0.606
WOB-20044,2025-04-06 12:00:00,39.249506,36.980472,fog,16.2,13.5,0.0,none,54.1,23,40.0,1018.7,3.9,66.4,3.2,dry,0.381
WOB-20045,2025-04-06 15:00:00,39.74857,37.30986,wind,18.7,17.8,0.0,none,17.8,224,46.6,1018.2,19.6,82.4,2.7,dry,0.301
WOB-20046,2025-04-06 18:00:00,39.504795,37.321732,cloudy,12.5,9.9,0.0,none,51.7,229,42.6,1007.4,19.7,99.0,8.0,dry,0.208
WOB-20047,2025-04-06 21:00:00,39.422544,36.959496,fog,23.6,22.0,0.0,none,32.8,322,93.0,994.9,4.9,91.5,4.3,dry,0.375
WOB-20048,2025-04-07 00:00:00,39.235085,37.052074,fog,10.6,9.3,0.0,none,26.7,317,51.8,984.0,2.1,96.1,1.3,dry,0.447
WOB-20049,2025-04-07 03:00:00,39.735962,36.874998,snow,21.1,19.5,9.1,snow,32.5,252,70.9,995.5,10.0,2.8,7.9,icy,0.835
WOB-20050,2025-04-07 06:00:00,39.745236,37.458983,clear,17.8,17.6,0.0,none,5.0,48,69.1,1014.3,6.5,14.2,6.4,dry,0.085
WOB-20051,2025-04-07 09:00:00,39.317733,36.816655,wind,26.3,26.1,0.0,none,3.2,317,54.1,991.7,15.5,81.8,7.5,dry,0.223
WOB-20052,2025-04-07 12:00:00,39.666803,36.927569,wind,26.3,23.3,0.0,none,59.9,160,81.0,1025.0,18.4,35.7,7.7,dry,0.222
WOB-20053,2025-04-07 15:00:00,39.255258,36.877696,clear,19.5,17.1,0.0,none,48.7,109,86.1,1026.5,18.8,90.7,2.8,dry,0.144
WOB-20054,2025-04-07 18:00:00,39.437849,37.106643,wind,10.9,9.6,0.0,none,26.4,22,92.1,1004.6,18.4,76.5,5.6,dry,0.189
WOB-20055,2025-04-07 21:00:00,39.612921,37.05631,cloudy,5.1,2.3,0.0,none,55.8,14,89.4,1013.3,15.6,82.9,0.4,dry,0.214
WOB-20056,2025-04-08 00:00:00,39.342284,37.428084,rain,12.2,11.3,3.6,rain,18.2,60,30.2,997.4,15.8,93.8,7.0,wet,0.623
WOB-20057,2025-04-08 03:00:00,39.409924,37.229402,rain,25.6,24.7,14.6,rain,17.1,48,92.1,1029.5,6.1,33.7,4.9,wet,0.569
WOB-20058,2025-04-08 06:00:00,39.46166,37.196958,cloudy,22.3,20.0,0.0,none,45.6,75,33.0,999.4,8.7,3.3,3.3,dry,0.188
WOB-20059,2025-04-08 09:00:00,39.839805,37.376973,rain,5.5,4.3,9.8,rain,23.9,30,34.8,999.3,11.4,43.9,2.1,wet,0.522
WOB-20060,2025-04-08 12:00:00,39.287714,37.422834,wind,36.1,34.6,0.0,none,30.1,111,73.0,1008.5,15.4,28.9,4.6,dry,0.148
WOB-20061,2025-04-08 15:00:00,39.731134,37.392558,fog,16.1,14.9,0.0,none,23.6,171,51.3,990.9,2.8,63.3,6.6,dry,0.392
WOB-20062,2025-04-08 18:00:00,39.473814,37.000108,clear,-8.2,-9.1,0.0,none,18.8,235,64.9,989.2,7.0,6.1,1.5,dry,0.106
WOB-20063,2025-04-08 21:00:00,39.248821,37.31606,snow,13.7,12.8,11.9,snow,18.5,16,67.1,1012.2,17.8,89.2,6.7,icy,0.723
WOB-20064,2025-04-09 00:00:00,39.839467,37.157306,clear,14.5,12.2,0.0,none,45.9,124,30.9,1024.3,13.1,11.7,3.1,dry,0.104
WOB-20065,2025-04-09 03:00:00,39.870381,37.446471,rain,15.8,15.0,13.9,rain,16.9,233,51.7,1023.8,15.2,56.3,6.3,wet,0.577
WOB-20066,2025-04-09 06:00:00,39.615518,37.096448,snow,-0.0,-0.3,13.0,snow,5.3,85,55.7,991.5,13.9,84.3,3.4,icy,0.78
WOB-20067,2025-04-09 09:00:00,39.564463,36.854416,cloudy,19.9,19.5,0.0,none,8.5,236,93.9,1024.5,10.6,69.5,1.0,dry,0.101
WOB-20068,2025-04-09 12:00:00,39.204283,36.932332,rain,25.8,25.1,12.7,rain,13.5,358,92.2,984.9,16.3,79.5,5.8,wet,0.609
WOB-20069,2025-04-09 15:00:00,39.600996,37.142183,cloudy,30.9,29.3,0.0,none,31.5,2,74.6,1008.3,6.9,43.4,6.2,dry,0.245
WOB-20070,2025-04-09 18:00:00,39.816507,37.198283,snow,5.9,4.2,5.3,snow,33.0,237,74.9,1003.5,16.0,70.4,0.8,icy,0.774
WOB-20071,2025-04-09 21:00:00,39.535125,37.335912,snow,2.5,0.2,11.4,snow,46.4,358,69.3,990.8,18.8,54.7,3.0,icy,0.742
WOB-20072,2025-04-10 00:00:00,39.393278,37.473011,cloudy,4.5,1.8,0.0,none,54.0,159,86.3,1012.9,17.1,99.5,1.1,dry,0.196
WOB-20073,2025-04-10 03:00:00,39.630529,37.175658,wind,15.1,14.9,0.0,none,3.2,320,90.2,1029.0,13.3,13.5,7.6,dry,0.22
WOB-20074,2025-04-10 06:00:00,39.347996,36.892175,clear,14.9,13.4,0.0,none,29.2,268,78.6,983.3,9.2,97.4,7.7,dry,0.14
WOB-20075,2025-04-10 09:00:00,39.209132,36.825281,snow,10.8,10.4,0.6,snow,7.6,106,93.6,993.8,14.4,71.4,1.2,icy,0.73
WOB-20076,2025-04-10 12:00:00,39.686817,36.872265,cloudy,20.9,19.8,0.0,none,21.6,190,76.7,982.1,19.0,77.7,1.0,dry,0.239
WOB-20077,2025-04-10 15:00:00,39.20202,37.489053,clear,0.5,-0.7,0.0,none,24.4,29,52.4,1019.7,10.9,23.1,6.6,dry,0.151
WOB-20078,2025-04-10 18:00:00,39.737534,37.278651,rain,7.2,5.4,9.0,rain,36.7,333,40.5,1009.9,8.4,41.6,7.1,wet,0.563
WOB-20079,2025-04-10 21:00:00,39.228614,37.461423,wind,18.1,17.2,0.0,none,17.9,298,78.7,1006.5,18.0,11.9,6.3,dry,0.247
WOB-20080,2025-04-11 00:00:00,39.634062,37.074317,fog,15.3,13.7,0.0,none,32.5,77,66.9,1020.1,2.1,20.3,0.9,dry,0.53
WOB-20081,2025-04-11 03:00:00,39.492379,37.478799,rain,17.7,15.0,6.4,rain,53.1,201,59.9,1017.7,19.5,89.1,3.1,wet,0.551
WOB-20082,2025-04-11 06:00:00,39.453436,36.842311,wind,11.4,9.7,0.0,none,34.2,297,48.7,1018.2,17.1,25.5,5.2,dry,0.268
WOB-20083,2025-04-11 09:00:00,39.702096,37.197287,rain,22.8,21.9,3.3,rain,18.4,176,30.6,1012.4,16.6,37.7,3.6,wet,0.539
WOB-20084,2025-04-11 12:00:00,39.261922,37.47806,cloudy,19.5,18.2,0.0,none,26.0,130,44.1,1000.5,17.5,13.7,6.6,dry,0.159
WOB-20085,2025-04-11 15:00:00,39.270988,37.160281,fog,24.5,23.5,0.0,none,19.2,262,71.4,1027.7,3.7,53.4,3.9,dry,0.377
WOB-20086,2025-04-11 18:00:00,39.368071,37.017794,snow,25.6,22.8,11.2,snow,55.8,43,72.8,1008.5,7.2,38.0,1.8,icy,0.729
WOB-20087,2025-04-11 21:00:00,39.863064,37.481876,snow,11.9,9.0,2.4,snow,57.9,95,87.8,1013.3,19.8,36.5,1.9,icy,0.781
WOB-20088,2025-04-12 00:00:00,39.36862,36.85508,cloudy,14.6,12.2,0.0,none,48.9,187,85.1,1006.5,17.1,40.6,3.0,dry,0.234
WOB-20089,2025-04-12 03:00:00,39.68288,37.272598,wind,13.3,11.0,0.0,none,46.7,255,51.5,1002.7,10.9,58.7,7.2,dry,0.349
WOB-20090,2025-04-12 06:00:00,39.339558,37.476938,fog,11.6,8.8,0.0,none,55.0,223,54.1,1003.6,2.3,85.7,3.1,dry,0.282
WOB-20091,2025-04-12 09:00:00,39.346035,36.99625,wind,7.2,4.3,0.0,none,57.7,40,41.5,994.3,6.0,2.2,5.6,dry,0.217
WOB-20092,2025-04-12 12:00:00,39.414445,36.861277,clear,-1.4,-4.2,0.0,none,56.2,174,42.0,1000.0,18.8,14.3,6.3,dry,0.05
WOB-20093,2025-04-12 15:00:00,39.797414,36.96767,fog,7.8,5.3,0.0,none,50.7,232,86.6,993.8,1.7,24.0,6.2,dry,0.377
WOB-20094,2025-04-12 18:00:00,39.898387,37.46756,snow,21.3,18.5,6.1,snow,56.0,333,65.4,989.8,9.3,79.3,1.3,icy,0.747
WOB-20095,2025-04-12 21:00:00,39.239086,37.1966,rain,17.8,16.9,5.1,rain,18.5,112,72.8,1002.9,15.8,10.4,7.3,wet,0.511
WOB-20096,2025-04-13 00:00:00,39.571581,37.049388,clear,26.3,24.1,0.0,none,43.9,85,39.2,986.0,12.4,36.8,4.4,dry,0.113
WOB-20097,2025-04-13 03:00:00,39.770952,37.260559,clear,23.8,22.8,0.0,none,19.1,90,58.1,1025.3,8.1,79.8,2.1,dry,0.068
WOB-20098,2025-04-13 06:00:00,39.649971,36.91452,wind,7.9,7.8,0.0,none,2.9,331,90.7,1013.8,12.5,69.2,3.3,dry,0.189
WOB-20099,2025-04-13 09:00:00,39.517076,37.204113,fog,25.5,24.8,0.0,none,13.4,204,74.3,1000.3,2.8,19.5,0.0,dry,0.335
WOB-20100,2025-04-13 12:00:00,39.690186,37.370704,fog,24.8,24.7,0.0,none,2.8,224,90.6,983.1,4.1,92.8,2.9,dry,0.362
WOB-20101,2025-04-13 15:00:00,39.538691,37.277693,wind,-7.9,-8.0,0.0,none,2.2,65,34.3,989.3,18.8,46.3,6.8,dry,0.233
WOB-20102,2025-04-13 18:00:00,39.68461,36.886393,cloudy,16.4,15.5,0.0,none,18.1,111,79.6,1006.5,19.5,62.8,0.7,dry,0.208
WOB-20103,2025-04-13 21:00:00,39.445745,36.907922,cloudy,19.5,18.9,0.0,none,11.9,200,41.4,1016.0,14.3,60.1,1.5,dry,0.182
WOB-20104,2025-04-14 00:00:00,39.46147,37.230759,wind,8.7,8.0,0.0,none,14.8,337,74.4,1025.5,6.9,14.8,1.2,dry,0.208
WOB-20105,2025-04-14 03:00:00,39.565549,37.225547,wind,16.1,14.0,0.0,none,42.0,0,48.7,1022.6,7.9,69.1,6.6,dry,0.196
WOB-20106,2025-04-14 06:00:00,39.555093,37.480395,cloudy,16.1,15.4,0.0,none,13.6,240,55.8,1025.4,11.4,55.1,3.7,dry,0.165
WOB-20107,2025-04-14 09:00:00,39.310876,37.397478,snow,19.2,18.8,11.9,snow,7.2,195,32.5,980.7,12.6,12.5,3.2,icy,0.813
WOB-20108,2025-04-14 12:00:00,39.873922,37.27444,fog,2.9,-0.0,0.0,none,58.8,323,92.5,1015.3,1.9,96.4,3.9,dry,0.303
WOB-20109,2025-04-14 15:00:00,39.745545,37.134933,wind,3.5,2.7,0.0,none,15.7,166,58.8,993.1,17.9,14.5,7.8,dry,0.281
WOB-20110,2025-04-14 18:00:00,39.69845,36.811821,cloudy,37.6,37.2,0.0,none,8.5,54,79.0,994.6,7.4,99.7,2.8,dry,0.184
WOB-20111,2025-04-14 21:00:00,39.67973,37.402163,wind,21.5,19.4,0.0,none,43.0,91,77.7,997.7,15.0,5.7,1.5,dry,0.2
WOB-20112,2025-04-15 00:00:00,39.783181,37.244802,snow,22.3,22.2,5.9,snow,3.0,245,86.2,992.2,10.8,85.5,0.9,icy,0.748
WOB-20113,2025-04-15 03:00:00,39.36542,37.139897,clear,13.4,11.9,0.0,none,29.5,161,44.9,1007.9,6.6,30.5,1.0,dry,0.175
WOB-20114,2025-04-15 06:00:00,39.480905,36.840132,snow,14.4,13.7,10.1,snow,13.2,146,73.2,991.5,10.8,82.8,3.8,icy,0.757
WOB-20115,2025-04-15 09:00:00,39.453072,36.975999,fog,9.8,9.0,0.0,none,16.6,37,82.0,1026.8,2.9,66.0,2.9,dry,0.428
WOB-20116,2025-04-15 12:00:00,39.430964,36.990133,rain,21.3,19.0,1.6,rain,46.0,291,90.7,984.6,15.1,72.1,4.7,wet,0.544
WOB-20117,2025-04-15 15:00:00,39.242139,37.3624,cloudy,7.6,6.1,0.0,none,29.8,70,31.2,988.4,17.1,97.6,5.3,dry,0.17
WOB-20118,2025-04-15 18:00:00,39.262864,37.015237,clear,6.7,6.4,0.0,none,5.8,103,67.2,1017.6,15.9,43.0,7.6,dry,0.049
WOB-20119,2025-04-15 21:00:00,39.532197,36.851935,rain,4.9,4.8,7.1,rain,2.2,218,61.9,1004.2,19.3,8.0,4.8,wet,0.565
WOB-20120,2025-04-16 00:00:00,39.871401,37.286817,cloudy,22.9,20.9,0.0,none,40.5,271,64.8,1003.8,5.4,54.5,2.8,dry,0.254
WOB-20121,2025-04-16 03:00:00,39.688799,37.016137,wind,32.5,30.4,0.0,none,41.1,59,69.2,1011.5,18.5,38.2,2.5,dry,0.203
WOB-20122,2025-04-16 06:00:00,39.327182,36.887282,clear,26.4,24.0,0.0,none,47.1,23,40.3,1009.3,14.6,35.2,0.2,dry,0.079
WOB-20123,2025-04-16 09:00:00,39.519266,37.445163,fog,7.2,4.2,0.0,none,59.6,245,30.4,982.5,3.3,14.0,7.7,dry,0.404
WOB-20124,2025-04-16 12:00:00,39.600677,37.21516,rain,9.5,8.2,10.1,rain,26.1,158,87.5,984.5,11.0,81.6,3.1,wet,0.576
WOB-20125,2025-04-16 15:00:00,39.216138,36.970985,fog,-6.9,-7.7,0.0,none,15.4,161,75.4,1003.5,2.3,3.8,5.9,dry,0.468
WOB-20126,2025-04-16 18:00:00,39.276937,37.244493,fog,4.8,1.9,0.0,none,57.8,332,53.3,1008.5,2.8,38.0,2.6,dry,0.372
WOB-20127,2025-04-16 21:00:00,39.444835,36.913058,clear,11.3,9.1,0.0,none,43.1,82,60.1,1013.7,7.7,42.7,1.9,dry,0.037
WOB-20128,2025-04-17 00:00:00,39.591714,37.198942,clear,21.7,18.9,0.0,none,55.0,171,69.8,997.4,14.3,28.2,5.3,dry,0.045
WOB-20129,2025-04-17 03:00:00,39.846342,37.32173,cloudy,12.8,12.0,0.0,none,15.7,157,76.1,1019.3,18.5,79.2,2.4,dry,0.243
WOB-20130,2025-04-17 06:00:00,39.369721,37.293981,clear,0.5,-1.3,0.0,none,35.3,132,47.9,1002.5,16.3,22.6,7.0,dry,0.17
WOB-20131,2025-04-17 09:00:00,39.302273,36.833421,rain,14.2,12.2,10.3,rain,39.4,168,62.5,986.4,13.4,72.3,5.8,wet,0.611
WOB-20132,2025-04-17 12:00:00,39.565669,37.400694,cloudy,26.9,25.3,0.0,none,32.0,138,36.5,987.9,16.6,96.7,8.0,dry,0.195
WOB-20133,2025-04-17 15:00:00,39.535251,37.010951,snow,12.3,9.7,3.0,snow,51.6,265,52.6,994.4,16.4,71.0,3.3,icy,0.756
WOB-20134,2025-04-17 18:00:00,39.371104,36.830038,fog,4.5,1.9,0.0,none,51.5,142,66.8,1022.4,1.5,38.2,0.5,dry,0.411
WOB-20135,2025-04-17 21:00:00,39.716108,37.04904,wind,7.1,4.6,0.0,none,49.4,69,80.6,990.2,7.1,86.4,2.7,dry,0.208
WOB-20136,2025-04-18 00:00:00,39.639603,37.387708,rain,21.5,20.9,9.1,rain,11.4,1,66.1,1001.5,13.7,80.6,7.4,wet,0.504
WOB-20137,2025-04-18 03:00:00,39.687034,37.077584,snow,15.6,13.9,10.7,snow,33.2,113,35.5,991.1,7.8,54.2,3.0,icy,0.769
WOB-20138,2025-04-18 06:00:00,39.669524,36.895012,cloudy,13.5,11.0,0.0,none,49.7,127,42.7,1002.9,7.4,18.3,3.3,dry,0.23
WOB-20139,2025-04-18 09:00:00,39.49098,37.319016,wind,20.3,18.3,0.0,none,39.8,345,82.1,999.8,15.7,82.2,6.6,dry,0.277
WOB-20140,2025-04-18 12:00:00,39.695492,36.898608,clear,-1.3,-4.2,0.0,none,57.0,143,54.8,1009.1,9.7,5.0,7.1,dry,0.065
WOB-20141,2025-04-18 15:00:00,39.245088,36.984447,wind,25.0,23.5,0.0,none,29.2,19,49.6,1022.1,18.3,5.8,1.8,dry,0.289
WOB-20142,2025-04-18 18:00:00,39.396232,37.07359,fog,19.5,17.1,0.0,none,48.9,92,59.1,996.8,3.4,87.2,7.4,dry,0.39
WOB-20143,2025-04-18 21:00:00,39.363641,36.895405,cloudy,16.3,13.3,0.0,none,59.6,68,51.5,1008.7,14.4,10.8,1.6,dry,0.225
WOB-20144,2025-04-19 00:00:00,39.247405,37.284581,clear,15.7,14.9,0.0,none,15.2,343,88.6,1019.2,12.0,36.5,6.5,dry,0.135
WOB-20145,2025-04-19 03:00:00,39.420632,37.429052,rain,17.7,15.9,7.4,rain,36.6,29,41.3,1012.1,16.3,21.1,0.6,wet,0.528
WOB-20146,2025-04-19 06:00:00,39.541345,36.964491,cloudy,26.0,24.3,0.0,none,33.4,110,47.6,1025.9,8.9,79.2,0.4,dry,0.156
WOB-20147,2025-04-19 09:00:00,39.899581,37.339401,snow,14.1,12.4,14.6,snow,34.9,46,59.5,988.2,16.1,16.3,6.4,icy,0.768
WOB-20148,2025-04-19 12:00:00,39.489511,37.381928,fog,22.3,21.0,0.0,none,26.4,338,87.4,1003.1,4.5,77.6,0.8,dry,0.416
WOB-20149,2025-04-19 15:00:00,39.750662,37.220504,rain,7.3,6.5,5.2,rain,15.6,93,90.2,982.5,6.6,36.0,4.3,wet,0.49
WOB-20150,2025-04-19 18:00:00,39.554052,37.451794,snow,21.0,19.6,11.9,snow,28.1,92,40.1,1009.9,7.2,80.3,4.7,icy,0.711
WOB-20151,2025-04-19 21:00:00,39.840401,37.307295,wind,10.6,9.0,0.0,none,32.0,75,91.6,1004.3,15.7,62.7,3.6,dry,0.292
WOB-20152,2025-04-20 00:00:00,39.283458,37.120523,clear,16.0,15.7,0.0,none,5.1,262,32.7,1014.8,19.7,98.3,4.4,dry,0.078
WOB-20153,2025-04-20 03:00:00,39.51809,36.834639,wind,6.0,3.3,0.0,none,53.5,248,48.9,981.8,18.5,62.9,1.8,dry,0.201
WOB-20154,2025-04-20 06:00:00,39.448472,37.218724,cloudy,8.6,6.7,0.0,none,37.2,56,62.1,988.6,8.8,14.2,3.9,dry,0.253
WOB-20155,2025-04-20 09:00:00,39.800009,36.904757,rain,14.9,14.4,8.6,rain,10.9,57,54.4,998.8,5.3,32.1,6.5,wet,0.512
WOB-20156,2025-04-20 12:00:00,39.201055,37.177705,snow,20.7,18.0,14.4,snow,54.5,100,43.2,994.5,16.1,30.2,7.0,icy,0.716
WOB-20157,2025-04-20 15:00:00,39.845714,36.80822,clear,9.8,8.3,0.0,none,29.9,237,31.4,988.3,14.0,86.0,4.9,dry,0.19
WOB-20158,2025-04-20 18:00:00,39.751616,37.113737,rain,16.2,13.9,1.5,rain,46.0,131,70.6,1025.2,9.7,39.7,5.1,wet,0.474
WOB-20159,2025-04-20 21:00:00,39.387605,37.116645,cloudy,23.8,21.6,0.0,none,44.5,254,60.8,1019.7,11.2,16.0,2.9,dry,0.287
WOB-20160,2025-04-21 00:00:00,39.299232,37.223211,cloudy,18.3,17.1,0.0,none,24.0,14,72.5,1008.6,13.1,92.7,1.2,dry,0.202
WOB-20161,2025-04-21 03:00:00,39.487359,36.829429,fog,20.2,17.6,0.0,none,51.9,302,50.7,1017.9,4.7,70.1,3.2,dry,0.43
WOB-20162,2025-04-21 06:00:00,39.635696,37.007661,rain,15.4,13.5,12.3,rain,38.7,92,32.8,998.8,7.6,33.5,2.1,wet,0.624
WOB-20163,2025-04-21 09:00:00,39.356125,37.176817,snow,26.7,26.1,5.4,snow,11.7,20,32.8,1008.7,15.9,85.2,1.8,icy,0.763
WOB-20164,2025-04-21 12:00:00,39.86483,36.921027,cloudy,25.6,25.1,0.0,none,10.6,39,54.2,994.8,7.3,66.3,7.1,dry,0.228
WOB-20165,2025-04-21 15:00:00,39.549652,37.081024,wind,11.8,10.5,0.0,none,26.1,4,36.8,1009.1,11.3,53.1,2.1,dry,0.271
WOB-20166,2025-04-21 18:00:00,39.200672,37.356229,snow,21.4,21.0,4.9,snow,8.0,90,67.1,1005.1,17.6,93.2,3.5,icy,0.765
WOB-20167,2025-04-21 21:00:00,39.646464,36.997238,snow,0.0,-2.3,8.1,snow,46.6,204,78.7,1018.8,19.4,11.9,3.5,icy,0.762
WOB-20168,2025-04-22 00:00:00,39.851113,37.366064,cloudy,17.4,17.1,0.0,none,6.7,91,34.9,989.2,7.1,30.6,0.5,dry,0.272
WOB-20169,2025-04-22 03:00:00,39.396983,37.139918,fog,18.2,17.6,0.0,none,13.0,261,89.6,1008.4,4.9,86.2,6.9,dry,0.433
WOB-20170,2025-04-22 06:00:00,39.611689,37.215843,clear,4.1,3.6,0.0,none,9.2,313,48.0,1014.5,16.4,9.7,1.3,dry,0.112
WOB-20171,2025-04-22 09:00:00,39.502394,37.086875,wind,19.1,19.0,0.0,none,1.2,352,78.4,1015.3,8.3,6.2,2.8,dry,0.327
WOB-20172,2025-04-22 12:00:00,39.811078,36.802694,cloudy,14.9,14.3,0.0,none,11.6,323,33.0,1020.5,10.9,27.0,7.1,dry,0.138
WOB-20173,2025-04-22 15:00:00,39.847433,37.389716,cloudy,14.5,13.4,0.0,none,21.3,315,41.1,1018.9,15.3,76.7,0.5,dry,0.199
WOB-20174,2025-04-22 18:00:00,39.370846,36.958997,rain,5.1,3.7,2.9,rain,27.4,284,94.5,990.3,11.5,87.2,4.9,wet,0.596
WOB-20175,2025-04-22 21:00:00,39.722889,37.153961,rain,7.3,4.9,3.5,rain,48.9,325,37.4,1011.6,11.1,54.2,6.5,wet,0.458
WOB-20176,2025-04-23 00:00:00,39.276062,37.481203,rain,18.9,17.2,4.1,rain,33.1,97,40.1,1005.3,19.5,15.7,7.2,wet,0.599
WOB-20177,2025-04-23 03:00:00,39.879572,37.044529,wind,12.2,10.6,0.0,none,32.4,95,60.0,1010.0,12.6,85.6,4.2,dry,0.236
WOB-20178,2025-04-23 06:00:00,39.866867,37.137595,fog,11.5,8.7,0.0,none,56.5,197,36.2,982.2,1.1,75.6,5.8,dry,0.318
WOB-20179,2025-04-23 09:00:00,39.769253,36.973154,snow,20.7,19.1,14.0,snow,31.4,38,70.4,1003.4,17.8,44.5,3.3,icy,0.812
WOB-20180,2025-04-23 12:00:00,39.573269,36.972865,rain,25.7,23.9,5.6,rain,35.6,354,49.4,1013.0,13.7,17.8,5.4,wet,0.512
WOB-20181,2025-04-23 15:00:00,39.867339,37.079478,wind,17.0,15.8,0.0,none,23.4,196,79.6,1010.6,10.5,35.4,6.6,dry,0.224
WOB-20182,2025-04-23 18:00:00,39.823776,36.913755,cloudy,12.6,10.8,0.0,none,37.0,166,44.5,993.6,13.9,43.5,5.1,dry,0.23
WOB-20183,2025-04-23 21:00:00,39.639181,36.899904,rain,13.8,12.0,8.9,rain,36.5,316,56.8,1009.5,11.7,99.7,0.5,wet,0.446
WOB-20184,2025-04-24 00:00:00,39.520099,37.280201,rain,7.8,7.8,0.8,rain,0.2,254,46.6,997.6,16.7,61.8,4.6,wet,0.527
WOB-20185,2025-04-24 03:00:00,39.411588,37.087667,rain,11.8,10.0,3.3,rain,36.5,124,48.8,1002.9,12.6,94.4,2.7,wet,0.672
WOB-20186,2025-04-24 06:00:00,39.608996,36.819568,rain,13.9,10.9,8.2,rain,59.8,148,50.5,1019.6,9.4,16.7,5.1,wet,0.488
WOB-20187,2025-04-24 09:00:00,39.314818,36.897679,rain,20.1,17.6,3.0,rain,50.1,234,32.5,1000.0,19.8,55.3,7.2,wet,0.519
WOB-20188,2025-04-24 12:00:00,39.564058,37.339121,clear,17.7,16.1,0.0,none,32.1,0,66.2,1007.0,8.8,55.6,7.0,dry,0.073
WOB-20189,2025-04-24 15:00:00,39.633198,37.315825,clear,11.7,9.3,0.0,none,48.9,134,84.2,1017.2,13.3,10.6,2.8,dry,0.137
WOB-20190,2025-04-24 18:00:00,39.208908,36.800442,cloudy,33.2,31.9,0.0,none,26.8,23,74.2,1016.0,10.6,76.0,3.2,dry,0.21
WOB-20191,2025-04-24 21:00:00,39.865221,37.071182,snow,25.6,25.0,5.7,snow,12.2,49,66.3,1018.4,18.7,19.2,3.5,icy,0.694
WOB-20192,2025-04-25 00:00:00,39.732819,37.439786,snow,6.3,5.0,4.8,snow,26.9,9,72.5,1006.5,5.8,16.2,7.0,icy,0.658
WOB-20193,2025-04-25 03:00:00,39.681552,36.833324,clear,26.1,25.5,0.0,none,12.2,138,89.7,995.2,10.6,96.9,1.1,dry,0.114
WOB-20194,2025-04-25 06:00:00,39.831671,37.080608,snow,22.4,21.4,4.5,snow,20.6,191,40.7,1027.0,11.3,37.8,6.3,icy,0.731
WOB-20195,2025-04-25 09:00:00,39.534381,37.020798,cloudy,28.0,26.2,0.0,none,36.7,217,79.9,989.2,11.5,85.5,1.0,dry,0.274
WOB-20196,2025-04-25 12:00:00,39.507704,36.82058,clear,12.3,10.4,0.0,none,38.1,255,50.0,1025.0,14.9,30.4,2.3,dry,0.13
WOB-20197,2025-04-25 15:00:00,39.793672,37.372447,fog,11.1,9.8,0.0,none,26.2,273,44.6,980.3,1.7,83.0,7.8,dry,0.426
WOB-20198,2025-04-25 18:00:00,39.803297,37.217152,fog,11.3,11.0,0.0,none,6.1,1,78.2,999.7,3.8,65.8,7.6,dry,0.44
WOB-20199,2025-04-25 21:00:00,39.30023,37.478937,clear,27.6,26.9,0.0,none,14.2,253,40.2,1018.6,16.7,53.6,4.4,dry,0.063
WOB-20200,2025-04-26 00:00:00,39.427307,36.926661,cloudy,7.5,5.4,0.0,none,42.7,342,49.8,1014.1,9.8,34.6,5.7,dry,0.157
WOB-20201,2025-04-26 03:00:00,39.630463,37.114039,fog,18.2,16.7,0.0,none,30.1,28,51.8,982.6,3.0,85.2,0.4,dry,0.415
WOB-20202,2025-04-26 06:00:00,39.361225,37.056285,fog,10.0,8.6,0.0,none,27.2,109,53.2,987.1,2.1,43.8,4.2,dry,0.377
WOB-20203,2025-04-26 09:00:00,39.283358,37.206407,wind,19.0,16.5,0.0,none,50.0,359,82.4,1008.6,17.7,19.9,2.3,dry,0.217
WOB-20204,2025-04-26 12:00:00,39.287368,36.952441,snow,17.1,15.5,7.6,snow,32.1,42,86.8,983.4,8.3,20.1,6.6,icy,0.793
WOB-20205,2025-04-26 15:00:00,39.574464,36.922558,snow,34.6,34.5,6.7,snow,2.2,285,34.4,1019.7,12.1,48.0,3.8,icy,0.681
WOB-20206,2025-04-26 18:00:00,39.419423,36.885559,clear,12.8,12.2,0.0,none,11.0,354,49.9,996.3,15.3,66.1,7.4,dry,0.162
WOB-20207,2025-04-26 21:00:00,39.558319,37.404434,wind,17.2,14.8,0.0,none,47.1,182,57.6,1003.9,5.8,29.3,7.0,dry,0.34
WOB-20208,2025-04-27 00:00:00,39.478243,37.4525,rain,22.8,20.0,11.3,rain,56.0,158,44.6,1020.7,13.9,13.7,4.8,wet,0.58
WOB-20209,2025-04-27 03:00:00,39.439019,37.226714,fog,23.6,22.3,0.0,none,25.8,294,68.1,981.4,4.9,3.7,0.4,dry,0.355
WOB-20210,2025-04-27 06:00:00,39.851787,37.296209,snow,6.4,4.8,8.9,snow,31.9,83,36.2,984.2,8.5,59.4,5.3,icy,0.731
WOB-20211,2025-04-27 09:00:00,39.856518,37.343535,fog,19.0,18.1,0.0,none,17.7,152,70.3,1027.0,2.1,83.9,4.9,dry,0.383
WOB-20212,2025-04-27 12:00:00,39.822883,37.030015,rain,7.5,4.9,8.6,rain,52.6,292,52.7,1006.0,17.4,94.5,5.9,wet,0.523
WOB-20213,2025-04-27 15:00:00,39.626442,37.428036,snow,19.2,17.4,6.9,snow,35.0,323,84.5,1021.0,16.0,29.9,4.3,icy,0.759
WOB-20214,2025-04-27 18:00:00,39.848361,37.325429,wind,2.7,0.0,0.0,none,53.9,270,49.5,1028.3,11.9,92.5,6.5,dry,0.188
WOB-20215,2025-04-27 21:00:00,39.566151,37.073853,fog,16.5,15.0,0.0,none,29.8,267,36.8,989.1,4.5,21.8,0.2,dry,0.367
WOB-20216,2025-04-28 00:00:00,39.372033,37.49025,snow,1.6,1.3,12.8,snow,6.8,251,84.2,984.0,6.2,94.5,2.7,icy,0.749
WOB-20217,2025-04-28 03:00:00,39.806526,37.390597,clear,16.3,13.9,0.0,none,47.7,293,71.0,988.3,14.9,10.5,3.7,dry,0.093
WOB-20218,2025-04-28 06:00:00,39.609641,36.954708,clear,11.9,9.3,0.0,none,51.7,191,35.8,1021.5,18.9,31.3,4.0,dry,0.121
WOB-20219,2025-04-28 09:00:00,39.668255,36.936611,clear,15.3,13.1,0.0,none,44.9,344,55.6,1017.3,16.5,12.2,4.6,dry,0.044
WOB-20220,2025-04-28 12:00:00,39.532017,36.894081,snow,20.3,19.9,12.9,snow,7.5,161,52.7,992.2,13.6,42.7,4.6,icy,0.768
WOB-20221,2025-04-28 15:00:00,39.702025,36.829902,wind,0.3,-2.1,0.0,none,47.9,167,34.0,986.8,17.8,21.2,3.7,dry,0.232
WOB-20222,2025-04-28 18:00:00,39.46538,37.08144,rain,21.6,19.2,10.6,rain,47.2,225,35.1,1014.5,12.4,51.0,4.8,wet,0.569
WOB-20223,2025-04-28 21:00:00,39.433704,37.02523,snow,15.2,15.0,12.1,snow,3.6,220,35.9,1011.6,5.1,29.2,5.3,icy,0.797
WOB-20224,2025-04-29 00:00:00,39.54114,36.930156,clear,5.7,3.2,0.0,none,49.2,177,81.3,985.8,8.6,38.0,2.0,dry,0.019
WOB-20225,2025-04-29 03:00:00,39.530076,36.927198,wind,6.1,3.6,0.0,none,50.3,14,85.6,1007.2,18.7,42.2,6.1,dry,0.202
WOB-20226,2025-04-29 06:00:00,39.765067,36.979497,rain,8.8,8.3,4.1,rain,10.6,349,56.8,981.7,6.2,10.5,8.0,wet,0.575
WOB-20227,2025-04-29 09:00:00,39.644369,37.009729,rain,21.8,20.8,13.4,rain,20.1,135,32.8,998.7,18.1,12.4,1.5,wet,0.539
WOB-20228,2025-04-29 12:00:00,39.493789,37.095554,snow,10.9,10.9,14.7,snow,0.5,260,86.7,993.2,7.1,25.9,2.2,icy,0.742
WOB-20229,2025-04-29 15:00:00,39.848596,37.202741,clear,4.6,2.8,0.0,none,35.5,294,81.8,1000.9,16.9,40.2,5.6,dry,0.088
WOB-20230,2025-04-29 18:00:00,39.32159,37.153959,wind,22.2,20.1,0.0,none,41.5,142,91.0,1005.5,5.1,76.5,7.0,dry,0.196
WOB-20231,2025-04-29 21:00:00,39.576346,37.42493,fog,24.6,22.1,0.0,none,49.9,69,85.0,986.2,4.1,26.6,1.6,dry,0.451
WOB-20232,2025-04-30 00:00:00,39.752185,37.330291,wind,29.2,26.3,0.0,none,57.6,138,80.4,1018.3,19.8,3.5,2.4,dry,0.232
WOB-20233,2025-04-30 03:00:00,39.343882,37.128925,cloudy,3.6,0.9,0.0,none,54.1,333,78.6,1028.1,12.6,22.2,1.9,dry,0.154
WOB-20234,2025-04-30 06:00:00,39.2059,36.808719,rain,13.1,12.3,0.7,rain,15.1,57,91.2,997.5,8.5,51.3,5.1,wet,0.605
WOB-20235,2025-04-30 09:00:00,39.316801,36.827663,rain,20.0,19.6,2.4,rain,8.0,134,34.4,1022.4,9.0,86.2,1.9,wet,0.544
WOB-20236,2025-04-30 12:00:00,39.205126,37.330573,clear,5.2,4.1,0.0,none,21.4,33,31.3,1015.4,11.9,49.5,4.7,dry,0.048
WOB-20237,2025-04-30 15:00:00,39.746548,37.388132,wind,13.6,13.1,0.0,none,9.6,329,34.9,1011.1,10.6,71.5,2.5,dry,0.314
WOB-20238,2025-04-30 18:00:00,39.219713,37.311133,wind,19.0,18.2,0.0,none,16.6,285,60.9,1017.2,19.3,98.3,6.9,dry,0.237
WOB-20239,2025-04-30 21:00:00,39.755416,36.929866,snow,10.8,7.8,5.9,snow,59.5,7,47.2,1024.5,17.6,64.6,1.7,icy,0.768
WOB-20240,2025-05-01 00:00:00,39.568088,36.869452,rain,23.0,22.9,9.5,rain,2.1,195,44.0,1003.7,9.6,14.9,3.2,wet,0.586
WOB-20241,2025-05-01 03:00:00,39.222258,37.034655,wind,13.4,10.6,0.0,none,55.8,121,55.4,1020.1,16.7,72.1,0.6,dry,0.236
WOB-20242,2025-05-01 06:00:00,39.525392,37.223441,fog,21.6,19.9,0.0,none,35.0,15,33.9,1004.7,1.0,13.7,7.6,dry,0.519
WOB-20243,2025-05-01 09:00:00,39.726845,36.824225,snow,16.8,15.0,7.2,snow,36.9,231,41.2,984.7,6.3,20.4,6.5,icy,0.748
WOB-20244,2025-05-01 12:00:00,39.329947,36.817466,snow,24.2,22.2,13.3,snow,39.3,129,50.6,1026.1,12.4,77.3,5.9,icy,0.765
WOB-20245,2025-05-01 15:00:00,39.875089,37.131773,clear,18.9,18.4,0.0,none,10.0,3,59.6,995.3,17.1,40.7,7.9,dry,0.1
WOB-20246,2025-05-01 18:00:00,39.831674,36.928567,cloudy,21.1,20.2,0.0,none,17.6,73,36.0,999.9,16.8,14.4,1.4,dry,0.125
WOB-20247,2025-05-01 21:00:00,39.211912,36.990118,snow,14.6,11.9,14.3,snow,54.8,228,81.9,1003.7,15.0,18.0,4.9,icy,0.771
WOB-20248,2025-05-02 00:00:00,39.357255,36.891385,cloudy,11.2,9.3,0.0,none,37.5,209,35.1,1003.3,9.7,81.8,5.8,dry,0.154
WOB-20249,2025-05-02 03:00:00,39.684429,37.209042,clear,26.8,26.0,0.0,none,16.2,179,37.3,981.9,10.2,10.6,4.6,dry,0.086
WOB-20250,2025-05-02 06:00:00,39.319511,37.100907,clear,7.2,5.5,0.0,none,34.9,207,94.6,1015.2,17.6,73.3,6.4,dry,0.204
WOB-20251,2025-05-02 09:00:00,39.494911,36.949726,rain,14.7,12.0,12.0,rain,54.5,194,94.9,1025.4,12.7,50.0,2.2,wet,0.614
WOB-20252,2025-05-02 12:00:00,39.262,37.195189,rain,14.5,12.0,3.8,rain,49.3,292,32.1,994.6,13.4,84.6,1.0,wet,0.61
WOB-20253,2025-05-02 15:00:00,39.776716,37.425614,rain,14.2,12.0,8.8,rain,43.6,103,55.5,1028.1,12.9,62.5,6.7,wet,0.565
WOB-20254,2025-05-02 18:00:00,39.514333,37.465409,fog,21.4,20.6,0.0,none,16.1,258,40.3,991.2,2.7,96.5,3.3,dry,0.395
WOB-20255,2025-05-02 21:00:00,39.89851,36.939511,fog,10.9,8.3,0.0,none,51.3,251,74.6,1017.1,1.7,86.6,2.9,dry,0.412
WOB-20256,2025-05-03 00:00:00,39.212722,37.163298,fog,20.5,19.8,0.0,none,13.1,127,81.6,1017.2,1.2,99.4,3.6,dry,0.4
WOB-20257,2025-05-03 03:00:00,39.899491,36.884923,snow,15.6,13.9,8.0,snow,34.3,60,56.4,980.1,16.7,58.0,6.8,icy,0.753
WOB-20258,2025-05-03 06:00:00,39.297205,37.14613,clear,5.0,3.1,0.0,none,37.7,233,78.2,1009.1,17.3,53.2,6.2,dry,0.155
WOB-20259,2025-05-03 09:00:00,39.75661,37.035787,wind,2.7,2.6,0.0,none,2.7,278,94.3,1027.5,5.1,94.3,6.9,dry,0.27
WOB-20260,2025-05-03 12:00:00,39.617708,37.38881,snow,-17.8,-17.9,6.1,snow,2.4,301,63.5,1014.2,5.3,24.9,0.9,snow_covered,0.854
WOB-20261,2025-05-03 15:00:00,39.566374,36.859614,clear,14.0,12.7,0.0,none,26.7,47,73.0,1007.8,18.9,36.9,2.1,dry,0.063
WOB-20262,2025-05-03 18:00:00,39.645145,37.363444,snow,21.6,21.2,12.2,snow,9.0,340,30.8,998.2,5.3,32.4,1.9,icy,0.801
WOB-20263,2025-05-03 21:00:00,39.398368,37.4234,rain,7.6,5.9,5.9,rain,34.5,139,86.1,1001.6,14.0,14.8,0.4,wet,0.579
WOB-20264,2025-05-04 00:00:00,39.297495,37.338994,clear,9.0,7.1,0.0,none,38.6,46,74.8,987.6,5.2,13.8,1.8,dry,0.088
WOB-20265,2025-05-04 03:00:00,39.298517,37.171615,rain,3.8,3.3,14.5,rain,9.0,256,87.7,1004.8,18.4,68.9,7.2,wet,0.501
WOB-20266,2025-05-04 06:00:00,39.865724,36.955588,rain,17.5,16.9,9.7,rain,11.6,232,31.1,994.7,9.7,15.9,0.8,wet,0.659
WOB-20267,2025-05-04 09:00:00,39.856788,37.239839,snow,24.6,23.0,5.3,snow,32.9,323,93.3,997.3,15.3,1.8,5.3,icy,0.731
WOB-20268,2025-05-04 12:00:00,39.498529,36.816472,rain,16.5,16.0,7.2,rain,10.4,43,38.3,992.1,5.8,14.3,0.7,wet,0.558
WOB-20269,2025-05-04 15:00:00,39.289007,37.314506,clear,12.8,12.3,0.0,none,10.5,321,57.8,997.5,19.8,12.5,5.2,dry,0.018
WOB-20270,2025-05-04 18:00:00,39.504658,37.027572,fog,27.0,27.0,0.0,none,0.7,132,50.3,1016.3,3.9,97.1,2.4,dry,0.374
WOB-20271,2025-05-04 21:00:00,39.643809,37.067974,cloudy,32.4,31.1,0.0,none,25.1,12,37.0,984.4,8.3,23.7,2.9,dry,0.114
WOB-20272,2025-05-05 00:00:00,39.544273,36.904231,wind,14.5,13.9,0.0,none,12.3,120,52.7,1028.1,16.0,8.3,8.0,dry,0.18
WOB-20273,2025-05-05 03:00:00,39.521193,37.4669,snow,24.2,21.9,11.5,snow,45.0,201,59.4,980.2,6.9,39.2,3.3,icy,0.854
WOB-20274,2025-05-05 06:00:00,39.393243,36.853612,rain,32.0,29.1,11.9,rain,57.2,318,87.2,1024.2,17.8,40.9,4.4,wet,0.504
WOB-20275,2025-05-05 09:00:00,39.663674,37.204727,snow,18.9,17.5,9.5,snow,28.4,327,43.5,980.8,17.4,41.3,7.5,icy,0.719
WOB-20276,2025-05-05 12:00:00,39.419245,36.990313,snow,11.6,8.7,14.9,snow,58.4,107,50.0,995.4,6.9,41.9,5.9,icy,0.811
WOB-20277,2025-05-05 15:00:00,39.790434,37.223221,rain,-3.6,-4.6,2.7,rain,20.2,182,40.6,992.8,14.6,78.6,0.1,icy,0.514
WOB-20278,2025-05-05 18:00:00,39.270753,37.29718,rain,11.5,9.0,4.6,rain,49.1,252,80.3,1007.3,16.5,8.0,1.2,wet,0.516
WOB-20279,2025-05-05 21:00:00,39.674018,37.352269,cloudy,26.9,26.2,0.0,none,14.0,256,86.8,1005.1,8.4,17.9,0.5,dry,0.201
WOB-20280,2025-05-06 00:00:00,39.80632,36.812801,snow,12.6,9.6,8.3,snow,59.6,50,83.1,1029.6,11.1,18.2,1.3,icy,0.839
WOB-20281,2025-05-06 03:00:00,39.330542,37.404233,fog,10.6,9.8,0.0,none,16.7,60,76.0,982.5,4.2,61.1,7.6,dry,0.468
WOB-20282,2025-05-06 06:00:00,39.810607,37.069535,rain,34.3,34.0,7.7,rain,6.0,29,43.2,983.1,15.9,69.9,0.8,wet,0.553
WOB-20283,2025-05-06 09:00:00,39.765311,36.822704,rain,4.8,1.9,9.3,rain,57.5,6,43.6,1025.9,6.2,47.5,0.9,wet,0.529
WOB-20284,2025-05-06 12:00:00,39.733349,37.188343,clear,15.0,14.7,0.0,none,5.9,23,80.7,985.2,17.3,63.0,3.1,dry,0.041
WOB-20285,2025-05-06 15:00:00,39.725879,36.83565,cloudy,16.3,14.2,0.0,none,41.0,259,46.8,1009.1,14.3,28.5,7.8,dry,0.082
WOB-20286,2025-05-06 18:00:00,39.344223,37.106285,rain,18.1,18.1,5.8,rain,0.6,114,52.0,988.3,6.8,11.9,3.8,wet,0.51
WOB-20287,2025-05-06 21:00:00,39.202424,36.896321,cloudy,3.8,1.3,0.0,none,50.2,239,68.9,982.8,12.8,22.7,0.9,dry,0.173
WOB-20288,2025-05-07 00:00:00,39.883164,36.90824,rain,16.5,16.2,10.5,rain,6.7,103,74.0,1024.0,14.2,58.8,7.9,wet,0.557
WOB-20289,2025-05-07 03:00:00,39.786251,36.828223,fog,1.3,-0.3,0.0,none,32.1,214,66.4,985.3,2.9,90.3,1.5,dry,0.41
WOB-20290,2025-05-07 06:00:00,39.446329,37.406992,fog,3.5,1.4,0.0,none,43.0,256,32.0,988.5,2.5,25.7,6.9,dry,0.378
WOB-20291,2025-05-07 09:00:00,39.313588,37.376968,cloudy,16.3,13.7,0.0,none,52.6,200,68.0,1019.5,19.5,38.4,5.4,dry,0.174
WOB-20292,2025-05-07 12:00:00,39.760593,37.277568,rain,0.3,-1.7,4.3,rain,40.0,182,34.3,1011.0,5.3,11.8,4.6,wet,0.519
WOB-20293,2025-05-07 15:00:00,39.238443,36.880808,fog,8.8,6.0,0.0,none,56.6,208,88.2,1021.2,1.4,38.8,0.0,dry,0.288
WOB-20294,2025-05-07 18:00:00,39.654144,37.336791,clear,16.5,13.6,0.0,none,58.8,80,48.3,990.6,19.3,74.8,0.9,dry,0.147
WOB-20295,2025-05-07 21:00:00,39.354273,36.807153,snow,22.0,19.4,4.7,snow,51.3,54,78.0,1010.0,12.6,80.9,6.5,icy,0.701
WOB-20296,2025-05-08 00:00:00,39.46394,37.303787,fog,16.6,16.3,0.0,none,6.1,281,94.3,1014.9,4.6,40.4,6.4,dry,0.388
WOB-20297,2025-05-08 03:00:00,39.584965,36.865431,cloudy,5.7,3.1,0.0,none,51.8,166,31.1,985.9,8.5,76.1,7.3,dry,0.098
WOB-20298,2025-05-08 06:00:00,39.49714,37.471409,rain,13.5,11.0,7.6,rain,49.2,163,60.7,1007.6,13.8,32.1,6.1,wet,0.709
WOB-20299,2025-05-08 09:00:00,39.430661,36.868936,clear,24.0,21.3,0.0,none,54.3,119,68.5,1018.3,18.6,49.8,0.8,dry,0.165
WOB-20300,2025-05-08 12:00:00,39.670013,37.218991,fog,14.5,11.7,0.0,none,56.3,82,44.8,999.2,1.2,15.4,6.3,dry,0.449
WOB-20301,2025-05-08 15:00:00,39.527995,36.825675,rain,15.8,15.0,5.9,rain,16.8,33,58.7,981.4,16.6,20.4,6.6,wet,0.454
WOB-20302,2025-05-08 18:00:00,39.648852,36.960916,rain,20.7,18.7,4.3,rain,39.1,340,77.0,990.8,13.0,48.7,2.5,wet,0.584
WOB-20303,2025-05-08 21:00:00,39.251027,37.0112,cloudy,1.4,-1.3,0.0,none,53.3,166,75.9,1013.6,9.4,38.3,1.3,dry,0.184
WOB-20304,2025-05-09 00:00:00,39.886886,37.425452,cloudy,8.2,7.0,0.0,none,23.7,95,66.1,1021.7,12.9,99.7,3.6,dry,0.275
WOB-20305,2025-05-09 03:00:00,39.534764,36.847318,rain,15.0,13.9,10.0,rain,22.6,105,91.3,990.4,8.1,54.8,7.4,wet,0.557
WOB-20306,2025-05-09 06:00:00,39.705425,37.385127,rain,11.2,10.5,9.3,rain,13.1,310,33.4,1024.8,12.9,69.4,6.4,wet,0.564
WOB-20307,2025-05-09 09:00:00,39.685745,37.34612,snow,23.5,21.5,6.2,snow,40.8,120,46.9,997.3,7.6,2.5,4.2,icy,0.72
WOB-20308,2025-05-09 12:00:00,39.42916,37.397628,snow,16.3,14.1,8.9,snow,44.5,219,91.9,1018.8,19.4,31.4,5.5,icy,0.694
WOB-20309,2025-05-09 15:00:00,39.817285,37.149868,wind,11.2,9.0,0.0,none,44.2,173,52.4,987.9,12.5,85.1,4.7,dry,0.299
WOB-20310,2025-05-09 18:00:00,39.5338,37.402219,clear,15.8,15.0,0.0,none,15.6,66,59.6,990.3,17.7,6.0,1.4,dry,0.187
WOB-20311,2025-05-09 21:00:00,39.781093,37.255874,wind,17.2,14.9,0.0,none,45.7,250,57.7,986.0,17.5,49.2,3.4,dry,0.269
WOB-20312,2025-05-10 00:00:00,39.402265,37.386005,clear,15.9,13.2,0.0,none,53.0,206,67.5,991.6,10.6,37.5,7.5,dry,0.071
WOB-20313,2025-05-10 03:00:00,39.828942,37.322814,rain,16.0,13.6,9.0,rain,48.4,291,81.7,980.7,7.8,99.7,7.1,wet,0.548
WOB-20314,2025-05-10 06:00:00,39.582457,37.407846,cloudy,12.3,9.8,0.0,none,49.7,230,60.2,1024.4,5.9,1.9,1.7,dry,0.164
WOB-20315,2025-05-10 09:00:00,39.439703,36.807546,clear,10.7,8.0,0.0,none,53.2,16,48.9,989.9,5.6,18.5,6.7,dry,0.119
WOB-20316,2025-05-10 12:00:00,39.804118,37.108399,cloudy,14.8,13.1,0.0,none,34.7,288,48.1,1002.2,17.8,97.9,7.3,dry,0.24
WOB-20317,2025-05-10 15:00:00,39.85074,36.982077,clear,-4.5,-4.6,0.0,none,2.0,80,87.3,1010.8,11.0,61.3,7.9,dry,0.069
WOB-20318,2025-05-10 18:00:00,39.523412,36.910603,fog,23.4,21.2,0.0,none,44.3,252,41.7,1023.1,1.9,16.0,4.6,dry,0.443
WOB-20319,2025-05-10 21:00:00,39.24165,37.381312,rain,17.0,14.7,4.8,rain,46.3,214,59.4,1012.3,17.3,82.4,3.6,wet,0.622
WOB-20320,2025-05-11 00:00:00,39.385342,37.324243,cloudy,8.6,5.7,0.0,none,58.6,300,54.3,1002.6,13.8,0.1,6.9,dry,0.186
WOB-20321,2025-05-11 03:00:00,39.792541,36.81519,rain,14.8,11.8,11.3,rain,59.6,22,65.5,1013.3,16.3,92.2,4.5,wet,0.554
WOB-20322,2025-05-11 06:00:00,39.743641,37.461148,cloudy,11.0,8.7,0.0,none,46.3,121,70.3,994.0,18.6,54.2,7.3,dry,0.183
WOB-20323,2025-05-11 09:00:00,39.204592,36.917441,snow,17.7,17.1,5.6,snow,11.5,183,34.4,987.7,8.1,37.4,5.2,icy,0.856
WOB-20324,2025-05-11 12:00:00,39.358369,37.036351,fog,3.0,2.7,0.0,none,6.8,168,81.8,1014.1,4.5,3.3,6.8,dry,0.512
WOB-20325,2025-05-11 15:00:00,39.335549,37.343035,snow,4.8,2.7,8.6,snow,41.7,98,86.9,994.7,8.1,24.6,7.4,icy,0.748
WOB-20326,2025-05-11 18:00:00,39.576856,37.251577,snow,14.1,13.1,8.3,snow,20.8,62,38.2,1028.3,16.2,26.9,2.2,icy,0.753
WOB-20327,2025-05-11 21:00:00,39.474975,37.435371,cloudy,17.0,14.7,0.0,none,46.8,313,69.1,986.7,16.3,5.6,1.1,dry,0.188
WOB-20328,2025-05-12 00:00:00,39.245897,36.810421,rain,12.4,10.6,7.2,rain,35.3,93,68.7,1023.3,9.2,64.1,4.5,wet,0.561
WOB-20329,2025-05-12 03:00:00,39.253209,36.960356,rain,2.2,1.8,1.9,rain,7.9,246,54.2,1016.1,10.9,12.8,3.4,wet,0.672
WOB-20330,2025-05-12 06:00:00,39.479049,37.068167,fog,10.5,7.9,0.0,none,51.2,72,75.6,1024.5,3.5,42.6,3.6,dry,0.405
WOB-20331,2025-05-12 09:00:00,39.573132,36.988006,cloudy,25.3,24.8,0.0,none,9.5,70,47.6,989.6,16.1,70.5,0.5,dry,0.211
WOB-20332,2025-05-12 12:00:00,39.346919,37.340325,wind,15.9,15.9,0.0,none,0.6,51,67.8,985.3,6.4,23.8,6.7,dry,0.295
WOB-20333,2025-05-12 15:00:00,39.623825,36.888795,snow,20.5,18.6,9.1,snow,38.3,354,78.2,1023.0,8.9,15.3,0.7,icy,0.704
WOB-20334,2025-05-12 18:00:00,39.57779,36.876623,snow,16.3,14.3,9.6,snow,40.5,92,77.8,1028.5,15.5,30.3,4.3,icy,0.842
WOB-20335,2025-05-12 21:00:00,39.816439,37.330288,rain,24.0,22.3,6.0,rain,34.5,301,68.3,1007.9,19.4,35.4,2.9,wet,0.565
WOB-20336,2025-05-13 00:00:00,39.503304,36.840131,snow,19.5,17.9,7.3,snow,32.6,266,51.7,1005.2,9.3,78.4,5.9,icy,0.739
WOB-20337,2025-05-13 03:00:00,39.697421,37.134478,snow,19.7,17.4,3.0,snow,46.5,207,81.3,980.9,15.5,50.8,3.2,icy,0.827
WOB-20338,2025-05-13 06:00:00,39.803584,37.246354,cloudy,7.4,6.3,0.0,none,21.7,163,77.9,984.0,18.9,58.6,1.4,dry,0.127
WOB-20339,2025-05-13 09:00:00,39.328346,37.310535,cloudy,22.5,22.5,0.0,none,0.5,339,90.7,1000.3,6.6,75.7,7.9,dry,0.289
WOB-20340,2025-05-13 12:00:00,39.208899,37.395757,rain,18.9,18.1,9.0,rain,15.1,86,81.5,992.3,7.7,27.4,2.3,wet,0.595
WOB-20341,2025-05-13 15:00:00,39.319169,37.285537,snow,15.6,13.5,0.7,snow,42.1,20,38.7,999.9,11.3,26.2,6.6,icy,0.757
WOB-20342,2025-05-13 18:00:00,39.329578,37.13405,fog,16.2,14.5,0.0,none,34.8,145,72.1,980.9,2.7,23.2,0.6,dry,0.385
WOB-20343,2025-05-13 21:00:00,39.57712,36.924346,wind,15.7,15.0,0.0,none,14.7,82,49.4,1003.2,16.4,8.7,4.7,dry,0.185
WOB-20344,2025-05-14 00:00:00,39.522983,37.261353,rain,22.4,22.3,6.6,rain,1.3,164,56.0,1000.0,12.9,92.3,6.0,wet,0.488
WOB-20345,2025-05-14 03:00:00,39.696098,37.29926,clear,6.6,6.2,0.0,none,7.8,181,30.7,1008.6,9.2,22.8,1.4,dry,0.109
WOB-20346,2025-05-14 06:00:00,39.356052,36.877927,fog,7.3,6.0,0.0,none,25.5,101,81.1,985.7,1.6,64.3,6.3,dry,0.425
WOB-20347,2025-05-14 09:00:00,39.340035,36.869399,fog,14.3,13.0,0.0,none,26.1,178,47.9,1020.9,1.5,11.6,6.0,dry,0.422
WOB-20348,2025-05-14 12:00:00,39.494156,37.44301,rain,18.9,17.3,13.5,rain,31.4,16,57.4,1014.6,12.1,79.0,4.8,wet,0.601
WOB-20349,2025-05-14 15:00:00,39.248623,37.029456,cloudy,13.3,12.5,0.0,none,16.6,174,36.5,1007.5,11.4,2.0,0.7,dry,0.189
WOB-20350,2025-05-14 18:00:00,39.31809,37.192253,rain,7.5,5.4,3.0,rain,41.8,227,50.0,1018.6,5.6,7.8,4.0,wet,0.506
WOB-20351,2025-05-14 21:00:00,39.77674,37.20082,cloudy,14.0,13.0,0.0,none,20.1,229,67.1,1029.9,7.9,16.6,7.0,dry,0.253
WOB-20352,2025-05-15 00:00:00,39.229024,37.28175,snow,11.1,10.7,12.7,snow,8.2,88,42.9,1001.7,13.4,70.6,0.5,icy,0.776
WOB-20353,2025-05-15 03:00:00,39.436051,37.419945,clear,15.6,14.6,0.0,none,20.3,246,78.2,993.4,12.5,9.1,5.8,dry,0.099
WOB-20354,2025-05-15 06:00:00,39.607086,36.954262,cloudy,10.4,10.3,0.0,none,1.0,273,35.0,1013.6,17.0,5.0,3.9,dry,0.26
WOB-20355,2025-05-15 09:00:00,39.86933,37.165785,wind,6.4,5.5,0.0,none,17.6,141,43.8,982.6,11.8,72.8,0.7,dry,0.189
WOB-20356,2025-05-15 12:00:00,39.794356,36.891962,rain,26.4,25.2,5.6,rain,24.9,198,79.1,1000.2,18.4,92.5,7.2,wet,0.443
WOB-20357,2025-05-15 15:00:00,39.771533,37.322581,clear,10.5,8.4,0.0,none,41.6,292,32.2,983.0,12.8,45.3,7.4,dry,0.131
WOB-20358,2025-05-15 18:00:00,39.228707,37.118095,cloudy,11.6,9.3,0.0,none,46.6,287,55.0,994.5,9.6,23.6,3.3,dry,0.189
WOB-20359,2025-05-15 21:00:00,39.497364,37.156437,rain,31.8,31.1,3.8,rain,14.9,108,31.8,1004.2,9.0,44.0,1.7,wet,0.572
WOB-20360,2025-05-16 00:00:00,39.714427,37.094441,rain,1.1,-0.5,13.6,rain,32.9,243,89.2,1012.1,7.0,77.6,4.9,wet,0.566
WOB-20361,2025-05-16 03:00:00,39.673377,37.365837,snow,4.0,3.3,6.7,snow,13.1,23,55.2,1017.6,16.4,57.3,1.6,icy,0.771
WOB-20362,2025-05-16 06:00:00,39.552601,37.137105,wind,19.8,17.7,0.0,none,41.6,204,31.6,1022.2,18.0,79.9,5.1,dry,0.179
WOB-20363,2025-05-16 09:00:00,39.282564,37.118788,clear,21.3,19.6,0.0,none,34.3,134,72.1,1008.1,7.1,76.5,6.1,dry,0.041
WOB-20364,2025-05-16 12:00:00,39.787255,37.333776,snow,23.0,21.8,6.9,snow,24.4,205,79.6,1008.9,8.1,96.2,7.2,icy,0.693
WOB-20365,2025-05-16 15:00:00,39.785885,37.387514,clear,-3.9,-5.6,0.0,none,34.8,41,73.7,1008.3,7.7,53.7,1.3,dry,0.119
WOB-20366,2025-05-16 18:00:00,39.342851,37.362998,clear,7.3,6.3,0.0,none,19.4,237,35.9,1016.9,18.3,92.2,4.3,dry,0.08
WOB-20367,2025-05-16 21:00:00,39.344373,37.286819,fog,11.2,9.4,0.0,none,35.2,274,74.7,1013.2,1.6,97.2,0.7,dry,0.38
WOB-20368,2025-05-17 00:00:00,39.213494,36.997594,cloudy,21.6,18.6,0.0,none,59.4,289,69.7,1000.9,14.0,2.7,3.0,dry,0.189
WOB-20369,2025-05-17 03:00:00,39.457505,37.497364,cloudy,21.7,20.1,0.0,none,32.3,271,40.6,1030.0,7.8,23.2,7.3,dry,0.218
WOB-20370,2025-05-17 06:00:00,39.302689,37.410096,wind,16.9,16.2,0.0,none,14.7,347,83.4,983.8,5.8,72.5,0.9,dry,0.178
WOB-20371,2025-05-17 09:00:00,39.664327,37.274461,rain,-3.3,-4.4,6.1,rain,22.6,175,87.4,1006.4,14.6,86.4,6.1,icy,0.549
WOB-20372,2025-05-17 12:00:00,39.844706,37.260719,clear,24.3,23.5,0.0,none,15.2,334,63.2,996.4,16.6,20.0,3.6,dry,0.144
WOB-20373,2025-05-17 15:00:00,39.641568,36.829772,clear,17.0,15.2,0.0,none,35.9,24,43.2,1005.7,7.3,53.9,4.1,dry,0.111
WOB-20374,2025-05-17 18:00:00,39.490233,36.921697,clear,7.2,5.6,0.0,none,31.7,151,84.1,1022.1,14.0,32.6,7.6,dry,0.114
WOB-20375,2025-05-17 21:00:00,39.876159,37.465987,wind,20.2,18.6,0.0,none,31.0,94,71.7,1003.3,14.9,27.6,0.6,dry,0.205
WOB-20376,2025-05-18 00:00:00,39.469415,36.877125,snow,33.8,31.6,10.4,snow,43.2,241,56.4,986.6,18.3,55.7,4.2,icy,0.752
WOB-20377,2025-05-18 03:00:00,39.322661,37.445981,clear,15.3,15.1,0.0,none,3.4,99,73.7,1024.1,16.4,28.1,1.7,dry,0.125
WOB-20378,2025-05-18 06:00:00,39.774924,37.139187,snow,6.5,5.5,9.8,snow,20.0,3,35.3,980.5,12.8,74.6,6.5,icy,0.799
WOB-20379,2025-05-18 09:00:00,39.61767,37.209897,wind,18.0,15.4,0.0,none,52.6,79,92.2,1002.9,8.2,24.9,1.5,dry,0.273
WOB-20380,2025-05-18 12:00:00,39.374948,37.063706,fog,7.6,5.1,0.0,none,49.0,229,30.0,1025.9,3.8,29.4,3.0,dry,0.378
WOB-20381,2025-05-18 15:00:00,39.355614,37.334869,cloudy,24.4,23.5,0.0,none,18.5,130,62.6,984.0,10.3,53.3,3.5,dry,0.113
WOB-20382,2025-05-18 18:00:00,39.480075,37.29118,fog,16.2,16.1,0.0,none,1.0,261,65.5,985.9,2.0,87.4,4.6,dry,0.36
WOB-20383,2025-05-18 21:00:00,39.33831,36.889021,rain,15.1,13.9,14.1,rain,24.0,219,32.5,1000.2,7.3,46.4,6.2,wet,0.598
WOB-20384,2025-05-19 00:00:00,39.539221,37.43796,snow,6.1,4.4,2.4,snow,34.9,341,88.8,986.7,13.5,5.0,2.1,icy,0.786
WOB-20385,2025-05-19 03:00:00,39.468682,37.078709,snow,10.0,8.3,14.4,snow,33.8,232,91.7,1008.5,6.9,40.8,1.5,icy,0.745
WOB-20386,2025-05-19 06:00:00,39.660113,36.908024,fog,-1.6,-4.3,0.0,none,54.5,308,81.4,1016.7,4.8,24.8,2.6,dry,0.501
WOB-20387,2025-05-19 09:00:00,39.515658,36.931104,snow,13.5,12.0,6.3,snow,30.9,222,30.8,986.1,15.7,25.5,1.4,icy,0.65
WOB-20388,2025-05-19 12:00:00,39.340099,37.169516,snow,28.7,26.3,13.5,snow,48.8,97,93.4,1010.0,6.4,15.5,1.0,icy,0.721
WOB-20389,2025-05-19 15:00:00,39.885222,37.288877,clear,31.8,30.9,0.0,none,17.4,204,39.5,1010.8,5.7,74.7,0.5,dry,0.12
WOB-20390,2025-05-19 18:00:00,39.711762,37.194816,fog,14.3,11.7,0.0,none,51.2,111,49.5,980.8,4.5,51.7,4.6,dry,0.327
WOB-20391,2025-05-19 21:00:00,39.614006,37.178102,fog,21.5,19.9,0.0,none,32.6,329,51.3,1013.6,1.5,29.7,5.9,dry,0.458
WOB-20392,2025-05-20 00:00:00,39.878735,37.254275,wind,19.0,16.3,0.0,none,54.5,28,63.7,991.7,9.9,83.2,0.2,dry,0.24
WOB-20393,2025-05-20 03:00:00,39.59109,37.234309,rain,23.4,23.1,14.2,rain,6.1,64,89.5,1008.4,19.1,97.7,6.2,wet,0.548
WOB-20394,2025-05-20 06:00:00,39.20302,37.131701,clear,5.6,4.4,0.0,none,24.1,186,46.0,1026.8,7.0,44.9,3.3,dry,0.021
WOB-20395,2025-05-20 09:00:00,39.730387,37.256146,clear,22.8,21.8,0.0,none,20.0,328,92.6,994.5,12.2,84.7,2.5,dry,0.079
WOB-20396,2025-05-20 12:00:00,39.25078,36.93592,fog,11.0,10.5,0.0,none,9.8,338,70.2,1022.5,1.9,9.7,0.4,dry,0.401
WOB-20397,2025-05-20 15:00:00,39.358029,36.860313,rain,3.5,0.5,1.6,rain,59.4,294,79.5,989.0,10.2,4.5,5.6,wet,0.552
WOB-20398,2025-05-20 18:00:00,39.335363,37.121735,snow,14.6,12.8,11.0,snow,35.4,97,49.4,989.2,12.7,29.4,8.0,icy,0.684
WOB-20399,2025-05-20 21:00:00,39.545368,36.817971,fog,18.8,17.0,0.0,none,36.5,273,57.0,986.4,4.1,22.5,7.9,dry,0.366
WOB-20400,2025-05-21 00:00:00,39.625811,37.350499,clear,11.8,10.8,0.0,none,19.3,322,32.2,1025.9,16.7,55.7,6.2,dry,0.047
WOB-20401,2025-05-21 03:00:00,39.576749,37.042979,fog,25.4,22.5,0.0,none,57.7,137,52.9,989.6,1.7,25.6,4.8,dry,0.441
WOB-20402,2025-05-21 06:00:00,39.719391,37.310244,clear,8.0,8.0,0.0,none,0.1,48,50.9,1021.8,10.2,26.1,5.7,dry,0.083
WOB-20403,2025-05-21 09:00:00,39.652629,37.374881,snow,9.0,8.7,9.2,snow,7.0,1,33.3,980.6,11.0,24.6,6.6,icy,0.78
WOB-20404,2025-05-21 12:00:00,39.889298,37.496123,clear,13.5,12.6,0.0,none,18.7,127,69.3,1019.4,13.1,54.6,1.4,dry,0.057
WOB-20405,2025-05-21 15:00:00,39.716891,36.827934,snow,20.4,18.1,6.0,snow,46.1,263,54.2,1021.0,16.5,55.5,5.5,icy,0.755
WOB-20406,2025-05-21 18:00:00,39.578339,36.906086,fog,6.5,6.4,0.0,none,1.3,164,40.2,1014.9,2.8,9.1,7.2,dry,0.345
WOB-20407,2025-05-21 21:00:00,39.365711,37.304583,fog,10.5,9.9,0.0,none,12.4,67,43.0,1026.6,1.8,60.5,3.7,dry,0.327
WOB-20408,2025-05-22 00:00:00,39.738035,37.102402,fog,20.6,19.1,0.0,none,30.4,21,62.9,1028.2,1.2,55.8,7.9,dry,0.352
WOB-20409,2025-05-22 03:00:00,39.689504,36.864859,clear,13.1,11.1,0.0,none,40.8,354,70.9,1029.0,6.8,86.6,0.6,dry,0.092
WOB-20410,2025-05-22 06:00:00,39.267374,37.17598,cloudy,7.6,5.2,0.0,none,48.6,283,52.0,982.4,10.7,16.3,3.2,dry,0.1
WOB-20411,2025-05-22 09:00:00,39.895936,37.359104,cloudy,12.9,10.9,0.0,none,39.4,344,94.2,987.3,5.5,31.4,4.8,dry,0.18
WOB-20412,2025-05-22 12:00:00,39.536173,37.288757,rain,11.0,9.9,14.3,rain,21.8,29,86.1,1013.9,9.2,67.9,1.1,wet,0.499
WOB-20413,2025-05-22 15:00:00,39.722128,37.376012,wind,17.6,15.4,0.0,none,45.0,293,52.0,992.2,9.3,27.2,7.0,dry,0.238
WOB-20414,2025-05-22 18:00:00,39.692186,37.203353,rain,24.3,23.1,2.4,rain,24.4,1,53.6,1028.8,8.7,13.8,3.1,wet,0.385
WOB-20415,2025-05-22 21:00:00,39.835051,36.804156,wind,13.6,12.5,0.0,none,22.4,198,63.6,982.4,17.2,92.8,0.4,dry,0.248
WOB-20416,2025-05-23 00:00:00,39.230812,37.311654,cloudy,22.8,21.5,0.0,none,26.0,328,35.7,1011.7,5.1,26.6,0.1,dry,0.213
WOB-20417,2025-05-23 03:00:00,39.315436,37.363846,snow,14.0,13.9,3.6,snow,2.6,121,71.5,987.2,6.8,13.5,4.9,icy,0.746
WOB-20418,2025-05-23 06:00:00,39.597897,37.28728,fog,17.9,15.1,0.0,none,56.6,187,45.0,985.6,4.0,64.9,1.5,dry,0.428
WOB-20419,2025-05-23 09:00:00,39.524428,37.442062,rain,25.8,25.7,8.2,rain,2.6,252,90.7,1013.1,17.9,25.8,2.2,wet,0.568
WOB-20420,2025-05-23 12:00:00,39.873851,36.997061,wind,11.3,10.3,0.0,none,19.1,146,90.2,991.3,16.2,9.1,4.5,dry,0.235
WOB-20421,2025-05-23 15:00:00,39.445274,36.947953,wind,3.2,1.4,0.0,none,35.7,144,79.5,999.9,10.2,40.6,6.9,dry,0.22
WOB-20422,2025-05-23 18:00:00,39.689588,37.06592,snow,17.1,15.3,2.3,snow,37.0,120,93.0,1000.4,5.8,81.1,6.7,icy,0.704
WOB-20423,2025-05-23 21:00:00,39.648243,37.330439,fog,13.1,13.1,0.0,none,0.6,207,31.0,989.8,2.8,80.0,0.5,dry,0.397
WOB-20424,2025-05-24 00:00:00,39.36128,37.308085,snow,13.0,11.0,14.3,snow,40.9,46,57.5,1020.4,6.0,31.6,0.4,icy,0.764
WOB-20425,2025-05-24 03:00:00,39.371706,37.028478,snow,12.3,11.5,2.4,snow,15.3,226,66.9,982.8,6.1,37.5,2.1,icy,0.757
WOB-20426,2025-05-24 06:00:00,39.89126,37.127277,wind,12.6,10.2,0.0,none,48.7,27,50.8,1003.0,15.4,57.3,5.9,dry,0.267
WOB-20427,2025-05-24 09:00:00,39.720516,37.010241,wind,25.4,23.8,0.0,none,31.9,207,67.7,1001.5,11.5,38.8,1.0,dry,0.221
WOB-20428,2025-05-24 12:00:00,39.669387,37.122004,cloudy,17.4,15.6,0.0,none,36.4,280,92.1,998.7,9.0,46.9,6.2,dry,0.241
WOB-20429,2025-05-24 15:00:00,39.262092,36.985751,cloudy,27.3,24.8,0.0,none,50.9,3,82.4,985.0,17.0,18.6,0.2,dry,0.197
WOB-20430,2025-05-24 18:00:00,39.683142,37.222593,fog,9.6,9.0,0.0,none,11.4,245,43.8,1014.1,4.3,21.0,8.0,dry,0.415
WOB-20431,2025-05-24 21:00:00,39.734161,37.370834,rain,14.4,11.6,13.1,rain,55.3,235,54.4,1023.0,9.8,65.3,2.1,wet,0.564
WOB-20432,2025-05-25 00:00:00,39.807226,37.256194,rain,9.2,8.7,14.0,rain,9.6,23,38.9,1014.3,15.8,2.2,0.8,wet,0.556
WOB-20433,2025-05-25 03:00:00,39.758863,37.161386,wind,17.9,16.0,0.0,none,37.0,150,39.0,1028.1,8.4,49.5,0.6,dry,0.249
WOB-20434,2025-05-25 06:00:00,39.424757,36.858873,snow,-1.6,-3.6,0.6,snow,40.4,137,74.9,986.3,10.0,38.9,7.3,icy,0.733
WOB-20435,2025-05-25 09:00:00,39.354796,36.820618,rain,10.4,10.2,9.3,rain,4.2,201,81.3,1029.2,13.3,21.3,1.2,wet,0.608
WOB-20436,2025-05-25 12:00:00,39.526803,36.942626,rain,27.8,27.4,2.7,rain,7.7,38,56.9,1016.3,11.7,70.0,0.3,wet,0.546
WOB-20437,2025-05-25 15:00:00,39.345135,37.053054,rain,9.5,6.7,7.4,rain,55.5,121,54.6,981.7,11.6,61.4,1.4,wet,0.574
WOB-20438,2025-05-25 18:00:00,39.531042,37.295642,snow,16.2,14.0,4.7,snow,43.7,27,38.6,1004.8,5.6,1.9,5.2,icy,0.724
WOB-20439,2025-05-25 21:00:00,39.459875,37.448203,rain,1.7,0.4,7.8,rain,25.7,220,84.0,980.7,11.3,4.0,5.7,wet,0.564
WOB-20440,2025-05-26 00:00:00,39.766701,37.082478,cloudy,19.0,17.9,0.0,none,21.4,134,91.5,1016.4,17.7,28.3,3.6,dry,0.131
WOB-20441,2025-05-26 03:00:00,39.352313,37.210952,fog,5.5,4.9,0.0,none,12.5,292,74.2,1017.4,3.1,83.9,5.7,dry,0.36
WOB-20442,2025-05-26 06:00:00,39.718065,37.422121,snow,16.5,15.0,13.8,snow,30.4,160,30.9,994.1,5.5,70.2,5.3,icy,0.713
WOB-20443,2025-05-26 09:00:00,39.292252,36.955702,cloudy,21.2,19.9,0.0,none,26.2,302,46.7,999.1,8.2,13.1,1.3,dry,0.123
WOB-20444,2025-05-26 12:00:00,39.837161,37.030681,snow,-1.0,-3.0,8.2,snow,39.1,147,66.6,997.0,14.9,25.1,0.0,icy,0.69
WOB-20445,2025-05-26 15:00:00,39.812974,36.896229,clear,18.6,16.4,0.0,none,44.5,98,83.1,1028.6,19.8,70.3,2.4,dry,0.15
WOB-20446,2025-05-26 18:00:00,39.522767,37.152811,rain,10.4,9.9,14.0,rain,9.7,251,34.2,1005.7,11.0,50.1,1.1,wet,0.639
WOB-20447,2025-05-26 21:00:00,39.430879,37.182659,cloudy,17.7,16.1,0.0,none,32.8,148,34.4,1006.1,12.2,38.4,0.6,dry,0.259
WOB-20448,2025-05-27 00:00:00,39.414163,37.323315,wind,19.0,17.3,0.0,none,34.5,294,69.0,1028.6,10.6,96.9,3.1,dry,0.326
WOB-20449,2025-05-27 03:00:00,39.742531,37.070774,wind,11.2,9.9,0.0,none,26.6,347,65.2,1028.6,9.0,85.6,6.9,dry,0.297
WOB-20450,2025-05-27 06:00:00,39.81604,37.092027,rain,19.5,17.0,2.2,rain,50.4,196,56.1,980.4,5.9,41.9,2.9,wet,0.591
WOB-20451,2025-05-27 09:00:00,39.549484,37.448752,fog,13.7,12.5,0.0,none,24.4,204,51.0,1017.6,2.1,35.8,3.9,dry,0.325
WOB-20452,2025-05-27 12:00:00,39.204794,37.07049,clear,19.9,18.5,0.0,none,28.2,228,51.9,1019.3,9.1,41.5,4.2,dry,0.098
WOB-20453,2025-05-27 15:00:00,39.378748,36.874558,cloudy,14.3,14.1,0.0,none,4.3,89,88.0,1023.1,10.7,26.0,6.2,dry,0.217
WOB-20454,2025-05-27 18:00:00,39.341114,37.084575,snow,0.8,-1.6,0.6,snow,48.1,273,94.9,980.8,17.5,77.6,6.7,icy,0.675
WOB-20455,2025-05-27 21:00:00,39.231907,37.235548,rain,23.7,20.8,7.1,rain,57.5,137,40.0,990.6,11.1,64.3,0.5,wet,0.49
WOB-20456,2025-05-28 00:00:00,39.574272,36.821278,clear,17.1,17.0,0.0,none,2.9,311,80.5,993.9,14.2,6.9,2.2,dry,0.057
WOB-20457,2025-05-28 03:00:00,39.539354,37.391244,snow,28.7,26.2,9.8,snow,49.4,294,87.0,986.7,12.1,27.3,7.9,icy,0.757
WOB-20458,2025-05-28 06:00:00,39.422441,36.829566,snow,14.4,13.6,6.1,snow,16.2,104,53.0,1018.5,5.2,75.2,3.9,icy,0.784
WOB-20459,2025-05-28 09:00:00,39.601126,37.273781,snow,16.3,14.4,5.2,snow,38.4,172,68.0,1011.4,19.3,54.9,1.1,icy,0.749
WOB-20460,2025-05-28 12:00:00,39.799629,37.361002,rain,27.7,27.3,4.1,rain,8.8,46,53.0,1006.5,18.1,97.5,1.1,wet,0.551
WOB-20461,2025-05-28 15:00:00,39.228608,36.867458,snow,12.1,11.5,0.8,snow,11.5,225,73.2,1003.6,9.7,53.3,3.7,icy,0.844
WOB-20462,2025-05-28 18:00:00,39.71647,37.495401,snow,2.1,1.9,10.0,snow,4.0,351,64.0,987.9,18.5,0.4,4.2,icy,0.841
WOB-20463,2025-05-28 21:00:00,39.477502,37.160012,wind,22.5,20.1,0.0,none,47.2,141,36.9,1001.0,12.8,24.5,6.1,dry,0.3
WOB-20464,2025-05-29 00:00:00,39.584045,37.301502,cloudy,23.3,21.1,0.0,none,44.2,143,40.8,1001.0,10.4,48.1,7.4,dry,0.19
WOB-20465,2025-05-29 03:00:00,39.481999,37.390397,cloudy,33.5,32.9,0.0,none,11.5,109,72.7,1012.1,5.0,68.1,3.0,dry,0.282
WOB-20466,2025-05-29 06:00:00,39.745258,37.420448,snow,27.7,26.1,1.8,snow,32.5,185,83.4,1008.2,7.2,41.4,4.4,icy,0.709
WOB-20467,2025-05-29 09:00:00,39.301088,37.257634,clear,31.8,31.1,0.0,none,14.1,60,59.3,1005.1,11.9,57.9,7.8,dry,0.054
WOB-20468,2025-05-29 12:00:00,39.768786,37.334037,cloudy,16.7,15.0,0.0,none,34.4,219,50.6,993.6,5.5,79.9,4.3,dry,0.275
WOB-20469,2025-05-29 15:00:00,39.889102,37.206647,wind,3.7,2.0,0.0,none,33.1,132,34.6,1019.6,17.1,42.1,2.5,dry,0.274
WOB-20470,2025-05-29 18:00:00,39.578551,37.279843,cloudy,12.3,9.8,0.0,none,49.1,231,78.7,1003.1,18.0,6.6,4.7,dry,0.189
WOB-20471,2025-05-29 21:00:00,39.891296,37.333474,fog,12.2,10.5,0.0,none,34.9,321,55.4,1000.2,2.5,55.0,4.0,dry,0.401
WOB-20472,2025-05-30 00:00:00,39.679673,37.079016,snow,6.8,4.2,8.1,snow,51.7,77,45.5,1000.0,19.4,10.9,0.9,icy,0.746
WOB-20473,2025-05-30 03:00:00,39.261751,37.414946,wind,17.5,15.6,0.0,none,37.9,279,36.5,1026.4,10.0,64.7,4.3,dry,0.184
WOB-20474,2025-05-30 06:00:00,39.293671,37.365895,wind,6.1,3.8,0.0,none,45.7,332,83.8,980.4,12.7,40.2,5.7,dry,0.298
WOB-20475,2025-05-30 09:00:00,39.302714,37.188386,snow,18.9,18.5,7.1,snow,7.9,198,66.0,1024.7,12.2,22.4,7.2,icy,0.756
WOB-20476,2025-05-30 12:00:00,39.232354,37.299694,snow,6.9,5.1,10.1,snow,36.4,22,57.3,996.4,11.8,51.1,3.3,icy,0.667
WOB-20477,2025-05-30 15:00:00,39.512264,37.360256,snow,18.3,17.7,14.9,snow,11.5,226,45.3,985.1,10.3,17.1,6.4,icy,0.652
WOB-20478,2025-05-30 18:00:00,39.737342,37.107985,cloudy,20.8,18.9,0.0,none,37.9,16,53.2,1012.2,15.2,52.5,4.9,dry,0.226
WOB-20479,2025-05-30 21:00:00,39.384385,37.017826,wind,19.1,18.3,0.0,none,16.4,260,64.9,985.2,17.3,7.6,0.5,dry,0.225
WOB-20480,2025-05-31 00:00:00,39.884444,37.355295,rain,26.1,23.8,10.7,rain,45.2,25,42.9,1006.8,19.0,44.4,2.6,wet,0.528
WOB-20481,2025-05-31 03:00:00,39.506537,37.410898,rain,20.8,18.6,9.2,rain,44.6,316,59.0,982.7,13.7,88.2,1.9,wet,0.471
WOB-20482,2025-05-31 06:00:00,39.384383,37.483429,fog,18.8,17.7,0.0,none,21.4,294,82.7,981.2,3.0,76.1,1.9,dry,0.334
WOB-20483,2025-05-31 09:00:00,39.856342,37.229209,rain,13.7,13.6,4.8,rain,1.3,245,44.2,1004.9,11.5,66.2,6.9,wet,0.498
WOB-20484,2025-05-31 12:00:00,39.620994,37.292311,fog,6.8,5.4,0.0,none,27.2,75,73.1,991.7,4.7,50.9,7.7,dry,0.371
WOB-20485,2025-05-31 15:00:00,39.591447,37.445237,wind,15.6,13.9,0.0,none,33.9,338,49.8,988.2,6.3,82.2,1.8,dry,0.263
WOB-20486,2025-05-31 18:00:00,39.442872,37.317206,fog,28.2,26.0,0.0,none,44.2,275,46.1,1001.6,1.3,38.9,7.6,dry,0.453
WOB-20487,2025-05-31 21:00:00,39.472143,37.309009,cloudy,10.6,8.1,0.0,none,50.8,176,78.3,1008.6,15.6,54.5,5.2,dry,0.285
WOB-20488,2025-06-01 00:00:00,39.497286,37.109367,wind,1.9,-0.9,0.0,none,55.4,172,30.9,988.1,14.1,16.6,4.1,dry,0.257
WOB-20489,2025-06-01 03:00:00,39.823868,36.869217,clear,6.6,4.7,0.0,none,38.7,153,84.5,1013.4,19.1,38.7,7.1,dry,0.136
WOB-20490,2025-06-01 06:00:00,39.514824,36.818081,wind,2.6,2.0,0.0,none,12.2,65,68.4,1015.9,12.3,12.5,3.2,dry,0.2
WOB-20491,2025-06-01 09:00:00,39.768335,37.097327,wind,11.1,10.5,0.0,none,12.1,324,52.6,1026.6,19.0,3.0,5.8,dry,0.222
WOB-20492,2025-06-01 12:00:00,39.516694,36.88618,snow,3.9,1.2,2.2,snow,53.4,193,94.3,1000.7,11.2,95.3,0.0,icy,0.811
WOB-20493,2025-06-01 15:00:00,39.845204,36.894099,fog,14.6,13.8,0.0,none,16.7,65,38.7,1014.9,4.2,22.0,4.9,dry,0.289
WOB-20494,2025-06-01 18:00:00,39.354495,37.094683,snow,31.6,30.3,3.5,snow,26.3,183,70.1,980.8,11.4,47.4,3.6,icy,0.776
WOB-20495,2025-06-01 21:00:00,39.392043,36.818831,clear,9.7,8.9,0.0,none,16.6,84,43.7,1018.8,11.1,35.0,3.7,dry,0.163
WOB-20496,2025-06-02 00:00:00,39.236783,37.18471,rain,22.2,19.6,5.0,rain,52.1,126,61.8,986.4,10.7,21.8,4.5,wet,0.521
WOB-20497,2025-06-02 03:00:00,39.449211,37.330554,fog,13.9,11.2,0.0,none,53.6,327,41.9,1014.3,3.5,37.6,7.0,dry,0.329
WOB-20498,2025-06-02 06:00:00,39.754969,37.370047,clear,14.3,13.7,0.0,none,13.0,165,30.2,988.9,17.9,80.2,2.7,dry,0.114
WOB-20499,2025-06-02 09:00:00,39.745641,37.447752,wind,14.0,11.2,0.0,none,56.2,130,86.9,1000.0,19.5,14.1,4.3,dry,0.216
